DATE,humidity,pressure,radiation,precipitation,temp_mean,temp_min,temp_max,wind_speed
20000101,0.89,1.0286,0.2,0.03,2.9,1.6,3.9,1.6
20000102,0.87,1.0318,0.25,0,3.6,2.7,4.8,2
20000103,0.81,1.0314,0.5,0,2.2,0.1,4.8,3.4
20000104,0.79,1.0262,0.63,0.35,3.9,0.5,7.5,4.9
20000105,0.9,1.0246,0.51,0.07,6,3.8,8.6,3.6
20000106,0.85,1.0244,0.56,0,4.2,1.9,6.9,3.4
20000107,0.84,1.0267,0.2,0,4.7,1.8,6.2,2.8
20000108,0.79,1.0248,0.54,0,5.6,4.1,8.4,3.6
20000109,0.88,1.0243,0.11,0.65,4.6,3.8,5.7,3
20000110,0.91,1.0337,0.06,0.09,2.4,1.4,3.8,1.9
20000111,0.88,1.0373,0.06,0,3.2,2.6,3.9,1.8
20000112,0.77,1.0319,0.1,0,2.4,0.8,3,2.4
20000113,0.78,1.0226,0.66,0,1.7,-0.2,5,3.1
20000114,0.8,1.023,0.69,0,0.6,-1,3.8,4.9
20000115,0.85,1.0311,0.51,0,-1.3,-2.9,1.5,6.8
20000116,0.8,1.0346,0.23,0,-0.4,-2.1,1.8,6.1
20000117,0.79,1.0328,0.33,0,0.9,-3.2,4.2,3.6
20000118,0.83,1.0267,0.18,0.03,4.5,3.8,5.3,3.5
20000119,0.69,1.0307,0.38,0,2.4,-0.7,3.9,4
20000120,0.72,1.0333,0.53,0,0.4,-2.7,2.9,2
20000121,0.74,1.0297,0.18,0,2.5,1.6,3.5,2
20000122,0.8,1.017,0.09,0.12,3.1,1.9,3.9,4.6
20000123,0.86,1.0151,0.33,0.42,2,-0.1,3.5,3.5
20000124,0.78,1.0235,0.29,0.02,-4,-7.6,-0.2,2.6
20000125,0.61,1.0302,0.87,0,-6.5,-8.5,-3.7,4.9
20000126,0.71,1.0354,0.84,0,-6.8,-10.6,-3.2,4.1
20000127,0.76,1.0342,0.89,0,-5.2,-8.7,-0.7,1.6
20000128,0.78,1.0269,0.53,0,-1.7,-6.2,4.8,3.8
20000129,0.65,1.0166,0.11,0.13,7.4,3.7,9.5,7.8
20000130,0.74,1.0224,0.1,0.02,10,9,10.7,7
20000131,0.74,1.0304,0.42,0,8.1,3.5,10.6,3.6
20000201,0.84,1.0248,0.88,0,5.4,1.1,11.2,2.6
20000202,0.89,1.0221,0.13,0.99,5.5,2.8,8.5,3.6
20000203,0.74,1.0361,0.55,0,5.2,1.8,8.4,1.2
20000204,0.78,1.0391,0.96,0,3.3,-0.9,8.3,2
20000205,0.65,1.0343,0.94,0,6.9,1.9,13.7,2.8
20000206,0.7,1.0274,0.69,0,6,2.6,11.9,4.6
20000207,0.67,1.0239,0.33,0.01,7.6,3.3,11.3,6.5
20000208,0.72,1.017,0.35,0.44,11.4,8.7,14.1,7.4
20000209,0.72,1.0281,0.55,0.09,5.6,3.9,9.4,3.6
20000210,0.67,1.0264,1.11,1.27,6.2,1.9,11.1,4.6
20000211,0.84,1.0286,0.13,0.02,4.2,3,7,2.1
20000212,0.71,1.0297,0.26,0.13,2.8,1.5,4.3,5.1
20000213,0.77,1.025,0.15,0.04,5.6,2.8,7.6,4.8
20000214,0.82,1.0252,0.51,0.15,7,4.6,9.7,3.4
20000215,0.8,1.0197,0.49,1.22,8.3,6.7,10.9,5.1
20000216,0.79,1.0103,0.62,0.48,4.4,0.9,9.7,6.9
20000217,0.78,1.0134,0.44,0.02,2.1,0.6,3.9,5.4
20000218,0.8,1.0127,0.25,0.39,4.2,0.6,9.5,8.1
20000219,0.77,1.0123,0.5,0.25,6,3.6,8.3,4.9
20000220,0.85,1.0269,0.28,0.14,1.9,-0.7,4,1.5
20000221,0.72,1.031,1.27,0,1.3,-2.2,5.6,0.9
20000222,0.68,1.0273,1.35,0,2.1,-1.1,7.4,1.8
20000223,0.67,1.0289,0.88,0,2.7,-1.3,7.1,3
20000224,0.76,1.0306,0.37,0,3.5,-0.2,6.1,4.5
20000225,0.76,1.0287,0.32,0.45,9.5,5.8,11.5,4.1
20000226,0.85,1.0315,0.56,0.04,7.4,5.2,9.9,1.8
20000227,0.76,1.0283,1.43,0,9,4.5,14.5,3.9
20000228,0.61,1.0219,1.39,0.42,11,4.2,19.5,5.5
20000229,0.8,1.0179,0.25,0.9,8.1,6.3,10.2,7.1
20000301,0.81,1.0099,0.35,0.36,5.8,3.5,9.7,5.5
20000302,0.64,1.0258,1.04,0,4.4,2.4,7.2,4.6
20000303,0.59,1.0185,0.46,0.53,7.5,4.3,9.5,7.1
20000304,0.61,1.0234,1.28,0,5.1,0.2,8.5,2.9
20000305,0.54,1.0357,1.68,0,1.7,-2.2,6.4,2.4
20000306,0.56,1.0322,1.69,0,3.9,-1.2,10.3,2
20000307,0.61,1.0299,1.58,0,6.4,-0.1,13.7,1.1
20000308,0.68,1.0306,1.03,0.56,9.2,3.4,15,2.6
20000309,0.53,1.0278,1.15,0,14.1,10.1,19.3,3.8
20000310,0.74,1.0283,0.63,0,10.3,6,12.9,2.4
20000311,0.66,1.0225,1.43,0,11.1,6,16.7,2.9
20000312,0.65,1.0243,1.43,0,9.3,3.6,13.2,4.4
20000313,0.69,1.026,1.72,0.04,7.5,1,13.9,3
20000314,0.7,1.0242,0.63,0.56,10.5,7.2,13.4,4
20000315,0.61,1.0306,1.23,0,5.4,0.9,8.2,3.5
20000316,0.73,1.032,0.36,0.05,5.4,0.5,8.4,2.6
20000317,0.78,1.0285,0.38,0.03,8.1,6.4,10.4,3.4
20000318,0.79,1.0268,0.45,0.17,7.4,5.4,8.8,4.5
20000319,0.79,1.0287,0.67,0,6.5,5,9.2,4.8
20000320,0.5,1.0257,1.88,0,6.9,1.7,12.1,6
20000321,0.56,1.0217,1.95,0,8.2,1.2,15.3,3.1
20000322,0.54,1.019,1.95,0,10.3,3.2,18.5,2.9
20000323,0.6,1.0148,1.1,0.02,11,4.9,17.2,3.8
20000324,0.65,1.014,0.8,0,11.1,8.3,14.5,5
20000325,0.62,1.0158,1.71,0,10.9,6.5,17,3.8
20000326,0.69,1.0127,0.95,0.24,8,5.4,11.1,5.1
20000327,0.74,1.0089,1.04,0.02,6,3.3,9.5,2.6
20000328,0.78,1.0104,0.81,0.07,5.7,2.9,10.1,4.4
20000329,0.87,1.0083,0.18,0.47,3.8,2.7,5.2,2.8
20000330,0.7,1.0133,0.68,0,5.7,3.8,7.7,2.4
20000331,0.61,1.0088,1.6,0.29,8.7,4.5,13.8,3
20000401,0.77,1.008,0.95,0,7.1,3.8,10.2,4.2
20000402,0.62,1.0028,2.1,0.54,9.2,2,16.2,5
20000403,0.6,0.992,1.29,0,12.9,7.4,19.7,3.6
20000404,0.68,0.9942,1.72,0.28,11.5,5.2,19.7,4.8
20000405,0.84,1.0063,0.7,0.56,8.6,4.6,11.3,3.6
20000406,0.84,1.0242,0.23,0,3.8,1,5.4,4.5
20000407,0.63,1.0289,2.43,0,5.9,-1.6,13.9,5.9
20000408,0.53,1.0216,2.48,0,9.1,0.4,16.9,5.1
20000409,0.55,1.0097,1.59,0,10.3,3.5,16.1,2.6
20000410,0.59,1.0059,1.61,0.16,10.2,5.6,15.2,5.2
20000411,0.77,0.9987,1.19,1.38,9.6,7.3,13.6,5.2
20000412,0.64,0.9972,1.93,0.37,8.4,4.6,13.5,6.8
20000413,0.81,1.0026,0.82,0.5,8.3,5.7,11.5,6.2
20000414,0.69,1.0007,2.28,0,12.5,7.3,19.6,5.2
20000415,0.67,1.0029,0.83,0.1,10,6.1,14.2,8.1
20000416,0.75,1.0023,0.94,0.02,8.6,4.6,14.3,4.9
20000417,0.76,1.0076,0.45,0.01,9.6,8,11.4,6.5
20000418,0.75,1.0112,0.82,0,9.6,5.6,12.2,5.8
20000419,0.71,1.0132,1.6,0,10.1,4.1,16.7,5.1
20000420,0.63,1.015,2.59,0,12.9,4,20.9,3.6
20000421,0.59,1.016,2.42,0,16.8,11.2,23.4,2.9
20000422,0.56,1.0114,2.29,0,18.4,10.1,27.7,2.8
20000423,0.7,1.0112,1.44,0.7,14.8,9.7,21.3,4
20000424,0.82,1.0154,0.84,0.73,10.3,6.8,14.3,3.4
20000425,0.67,1.013,2.77,0,13.5,6,20.5,4.2
20000426,0.57,1.0099,2.67,0,17.8,9.6,26.5,3.9
20000427,0.64,1.0078,1.53,0,16.3,11.6,22.9,2.9
20000428,0.74,1.008,1.78,0,14.9,11.7,22.4,3.9
20000429,0.77,1.0174,0.68,0,11.8,8.5,14.1,2.1
20000430,0.71,1.0198,2.68,0,15.1,7.3,22,4.1
20000501,0.73,1.0171,2.61,0,17,10.9,22.9,6.4
20000502,0.76,1.0161,2.27,0,17,12.6,22.6,6
20000503,0.75,1.0175,1.74,0,16.5,12.2,22.6,4.9
20000504,0.67,1.017,2.07,0,17.5,11.1,23.5,5.5
20000505,0.7,1.0145,2.41,0,17,12,25.5,3.5
20000506,0.71,1.0134,2.45,0,16.7,11.6,23.5,2.9
20000507,0.67,1.0152,2.55,0,18,11.6,25,1.9
20000508,0.75,1.0183,1.91,0.73,16.9,12.6,23.9,2.2
20000509,0.65,1.0172,2.86,0,18.8,11.6,26.9,2.8
20000510,0.64,1.015,2.64,0,20,13.4,26.7,3.4
20000511,0.67,1.0151,2.72,0.11,20.5,14.7,28,3.6
20000512,0.8,1.0207,1.1,0,16.7,14.5,20.2,1.9
20000513,0.82,1.0216,0.98,0.05,16.2,13.2,19.7,1.2
20000514,0.68,1.0219,3.02,0,18.4,12.7,24.7,1.9
20000515,0.58,1.0204,3.06,0,19.4,10.4,27.8,1.9
20000516,0.6,1.0171,2.66,0,20.9,14.3,28.5,4.1
20000517,0.74,1.016,1.74,0.19,17.3,13.7,23.4,4.1
20000518,0.68,1.0136,1.18,0.16,13.6,9.3,15.9,5.1
20000519,0.66,1.0142,2.25,0.02,12,8.7,16.3,5.1
20000520,0.58,1.0144,2.81,0.03,13,8.3,18.2,1.6
20000521,0.68,1.0118,1.85,0.32,12.8,6.6,18.2,5.1
20000522,0.64,1.0198,2.72,0,12.4,8.7,17.6,2.5
20000523,0.61,1.0209,3.16,0,14.4,6.5,21.4,3.1
20000524,0.6,1.0175,3.18,0,17.4,9.7,24.6,4.5
20000525,0.69,1.0172,1.06,0,16.8,13.2,21.1,4.2
20000526,0.71,1.0149,2.68,1.5,18.4,12.4,26.3,6.2
20000527,0.75,1.0174,1.64,0.52,13.4,10.1,17.6,6.8
20000528,0.68,1.0126,0.81,0.37,14.1,10.3,18.5,6
20000529,0.66,1.0179,2.13,0.14,12.8,9.2,17.4,3.5
20000530,0.79,1.0165,0.79,1.08,12.4,7.8,17.5,6.1
20000531,0.78,1.0194,1.55,0.24,15.1,11.4,18.1,2.9
20000601,0.68,1.0234,3.19,0,17.8,11,24.1,2.8
20000602,0.63,1.0203,3.1,0,21.7,13.8,30.1,2.9
20000603,0.64,1.0174,2.97,0.38,22.8,16,30.6,2.6
20000604,0.65,1.0171,3.07,0.38,23.4,18.2,28.8,3.2
20000605,0.8,1.0162,2.11,4.11,19.6,15.9,26.2,3.6
20000606,0.84,1.0221,0.88,0.1,13.4,11.5,15.9,3.6
20000607,0.65,1.0237,3.03,0,15.7,10.9,21.2,2.2
20000608,0.61,1.0184,3.35,0,18.4,9,26.1,4.2
20000609,0.6,1.0133,3.24,0.24,22.9,14.5,29.9,3.9
20000610,0.7,1.0131,2.58,0,22,17.7,27.4,3.4
20000611,0.84,1.0166,0.42,0,17.7,13.5,20.1,2.9
20000612,0.68,1.0261,2.43,0,18.3,13.4,23.3,2.1
20000613,0.69,1.0243,2.85,0.35,20.6,14.2,27.1,2.9
20000614,0.72,1.0236,3.05,0,21.3,15.8,28.3,2
20000615,0.65,1.0244,2.8,0.08,20.8,16.4,26.5,1.9
20000616,0.59,1.0258,2.78,0,17.9,12,22.1,3.8
20000617,0.61,1.0277,3.38,0,16.9,9.4,24.1,4.8
20000618,0.5,1.026,3.52,0,19.7,9.4,29,4.1
20000619,0.48,1.0214,3.36,0,23,12.6,32.3,3.1
20000620,0.5,1.0168,3.22,0,25.1,17.1,32.6,3.9
20000621,0.5,1.0166,3.23,0,24.6,18.1,31.5,4.5
20000622,0.75,1.02,1.05,0.45,18.7,16.3,22,5.5
20000623,0.63,1.0215,2.29,0,17.8,15.4,22,4.5
20000624,0.77,1.0194,0.74,0.46,14.1,11.4,18.5,3.8
20000625,0.69,1.0207,1.87,0,13.7,10.3,17.8,1.6
20000626,0.62,1.0227,3.15,0,14.6,8,21.7,4.8
20000627,0.57,1.0207,3.28,0,15.5,7.5,23.1,5.8
20000628,0.68,1.018,1.7,0.19,14.7,9.7,19.5,2.2
20000629,0.58,1.0189,3.13,0,17.1,10.8,23.3,2.2
20000630,0.54,1.0154,3.24,0,18.8,10.4,26,1.6
20000701,0.65,1.0121,2.52,0.25,20.9,13.6,27.4,3.1
20000702,0.68,1.0112,3,0.79,23.8,17.2,33,2.6
20000703,0.81,1.011,1.38,0.91,19.9,17.6,23.3,2.6
20000704,0.71,1.0095,2.37,0.6,19.7,16.5,23.6,5.4
20000705,0.62,1.0178,2.71,0,19.4,15.8,24.1,4.5
20000706,0.6,1.0179,3.12,0.26,20.9,13.8,27,4.4
20000707,0.75,1.0112,1.93,0.32,19.9,15.9,27.9,4.8
20000708,0.7,1.0163,1.51,0.07,15.4,12.8,19.1,3.6
20000709,0.76,1.0111,0.55,1.24,14.6,12.5,16.7,6
20000710,0.73,1.0011,0.99,0.25,16.1,13.9,17.9,5.5
20000711,0.69,1.0049,2.07,0.12,14.5,12,19,3.6
20000712,0.76,1.0169,1.67,0.61,13.2,11.4,16.6,3.6
20000713,0.79,1.0176,1.13,0.59,13.7,9.5,18.6,4.9
20000714,0.83,1.0116,0.52,1.09,13.7,11.6,15.9,5.9
20000715,0.78,1.0124,1.74,0.64,12.6,10.4,16.6,4
20000716,0.81,1.0166,1.41,1.17,12.7,10.2,17.7,2.1
20000717,0.71,1.0192,3.01,0,14.8,9.3,21,3.2
20000718,0.66,1.0191,3.01,0,16.7,9.4,23.1,3.1
20000719,0.66,1.0197,2.93,0,17,12,23.1,3.2
20000720,0.67,1.021,2.68,0,16.9,10.5,23,3.5
20000721,0.64,1.0209,3.03,0,18.5,11.7,25.3,6.4
20000722,0.63,1.0167,3.06,0,19.2,11.9,26,7.1
20000723,0.76,1.0127,1.13,0.14,18.8,15.2,22.9,2.8
20000724,0.8,1.0081,1.4,0.78,19.4,16.1,24.7,4.1
20000725,0.8,1.009,1.52,0.5,19,15.1,23.8,1.4
20000726,0.72,1.0121,2.6,0.02,19.9,16.3,24.6,3.9
20000727,0.74,1.0165,1.97,0.65,19.7,15.5,25.3,3.2
20000728,0.79,1.0173,1.67,0.34,17.2,14.7,21.4,4.4
20000729,0.86,1.0202,1.04,2.53,15.9,14,19.6,4
20000730,0.74,1.0239,1.92,0,17.6,14.1,22,1.6
20000731,0.66,1.0239,3.03,0,19.2,12.9,25.7,2.1
20000801,0.66,1.0203,2.97,0,21.9,14.1,29,2.9
20000802,0.78,1.0197,1.03,0.16,19.6,16.4,24.4,4.5
20000803,0.81,1.0205,0.79,0,17,13.3,19.8,3.9
20000804,0.7,1.0206,2.35,0,17.3,12.4,23.2,3.4
20000805,0.9,1.0207,0.35,1.16,15.5,13.6,16.7,3.5
20000806,0.75,1.0213,2.29,0,18.6,15.5,22.9,3
20000807,0.73,1.0225,2.3,0,19.4,15.7,25.1,2
20000808,0.74,1.0212,1.91,0,19.4,14.7,24.1,1.8
20000809,0.7,1.0205,2.74,0,20.7,14.8,26.4,2.1
20000810,0.67,1.0182,2.75,0,21.9,15.8,28.4,1.8
20000811,0.63,1.0146,2.74,0,22.8,16,29.4,3.1
20000812,0.62,1.014,2.7,0,23.1,17.4,29.6,3.6
20000813,0.62,1.0171,2.65,0,22.7,16.6,29.7,2.9
20000814,0.62,1.0201,2.61,0,23.5,17.4,30.3,4.4
20000815,0.68,1.0208,2.23,0,23.3,18.7,28.4,3.2
20000816,0.69,1.0173,2.52,0,22.8,17.2,28.2,2
20000817,0.74,1.0152,1.84,1,22.1,17.8,27.5,3.2
20000818,0.85,1.0143,1,0.18,21.4,19.2,25,1.8
20000819,0.65,1.0139,2.43,0,24,18.6,30.7,2.4
20000820,0.64,1.0119,2.23,1.24,24.9,17.8,33,2.5
20000821,0.86,1.0161,0.91,1.57,18.8,16,23,2
20000822,0.75,1.0196,2.18,0,18.1,14,23.3,4
20000823,0.74,1.0199,2.5,0,19.2,13.1,26,5
20000824,0.7,1.022,2.5,0,21,14.3,28.8,4.4
20000825,0.68,1.0197,2.48,0,20.9,14.6,28.8,5
20000826,0.65,1.0119,2.27,0.85,21.9,13.5,29.7,4.6
20000827,0.76,1.0179,0.8,0.28,18,15,21.5,3.8
20000828,0.69,1.0215,2,0,17.3,13.1,22.6,3
20000829,0.7,1.0202,2.24,0,17.4,11.7,23.3,1.5
20000830,0.82,1.0156,0.88,0.74,16.6,13.4,19.9,4.5
20000831,0.89,1.0111,0.64,2.62,16.2,14.8,19,2.9
20000901,0.75,1.0099,1.75,0.16,18,13.8,22.9,5.5
20000902,0.69,1.0116,1.63,0.68,15.9,13.4,19.6,4.8
20000903,0.85,1.0156,0.97,1.22,14.3,12.8,16.8,2.4
20000904,0.78,1.0211,1.54,0.01,14,10.7,17.6,1.8
20000905,0.76,1.0243,1.73,0,13.6,9.6,18.4,1.4
20000906,0.78,1.0184,1.2,0.52,14.4,10.5,18.3,4.4
20000907,0.71,1.0176,2.03,0,15.5,10.4,19.6,2.1
20000908,0.69,1.0229,2.23,0,15.2,8.6,22.3,2.2
20000909,0.72,1.024,2.07,0,17.2,11,24.1,3.6
20000910,0.75,1.0214,2.12,0,18.5,12.8,25,3
20000911,0.76,1.0166,2.07,0,19.3,13.8,25.9,2.1
20000912,0.75,1.0134,1.85,0.08,20.5,14.2,27,2.9
20000913,0.8,1.0154,1.14,0,18.8,16.2,22.8,1.1
20000914,0.78,1.0162,1.59,0,19.1,14.6,24.4,1.4
20000915,0.73,1.0132,1.77,0,21.3,16.1,26.8,4.6
20000916,0.63,1.0138,1.31,0,17.1,13.9,22,3.5
20000917,0.66,1.0138,1.62,0,15.4,11.8,19.2,1.5
20000918,0.74,1.0093,1.96,0,15.2,10,21.6,4.2
20000919,0.69,1.0037,1.9,0.03,17.9,11.6,24.6,3.6
20000920,0.85,1.0071,0.3,1.8,14.7,13.3,17,4
20000921,0.77,1.0185,1.26,0,13.5,9.8,18.1,3.9
20000922,0.73,1.0243,1.79,0,14.1,8.4,21,2.9
20000923,0.74,1.0214,1.87,0,14.5,8.7,20.1,4
20000924,0.75,1.0193,1.8,0,16,10.5,22.5,2.8
20000925,0.82,1.0228,0.89,0,16.2,13,21.4,1.5
20000926,0.77,1.0208,1.57,0,17.9,12.7,24.5,3.2
20000927,0.78,1.0189,1.22,0,17.9,13.8,22.9,3.6
20000928,0.72,1.0102,1.59,0,19.1,14.3,25.9,4.8
20000929,0.73,1.0027,1.64,0,18.1,12.6,24.4,3
20000930,0.84,1.0066,0.15,0.94,14.7,13.7,16.1,2.9
20001001,0.84,1.0081,0.65,0,14.6,12.5,17,3.9
20001002,0.78,1.0129,0.73,0.04,12.8,11,16.1,5.5
20001003,0.79,1.022,0.81,0,13.1,11.5,16.1,1.6
20001004,0.76,1.0214,1.17,0,13.9,10.1,18,1.4
20001005,0.81,1.0196,0.96,0.62,12.5,8.1,16.5,3
20001006,0.8,1.024,0.78,0.17,10.5,8.3,13,2.5
20001007,0.82,1.0255,1.14,0.44,8.3,4.9,12.8,2.6
20001008,0.83,1.0213,1.29,0.68,8,3.3,12.2,3.9
20001009,0.78,1.0123,1.15,0.25,10.4,7.1,14.6,6
20001010,0.66,0.9999,0.98,0.06,10.7,7.3,13.9,7.6
20001011,0.79,0.9927,0.17,0.79,11.1,8,13.9,5.8
20001012,0.84,1.0018,0.71,0.55,12.1,9.5,14.9,5.5
20001013,0.89,1.0126,0.26,0.19,10.9,9.5,12.1,1.9
20001014,0.91,1.0146,0.28,0.02,11.7,9.9,13.4,0.8
20001015,0.87,1.0081,0.47,0.37,12.9,11.6,15.7,2
20001016,0.79,1.0133,1.32,0,13.9,10.2,18.8,2.6
20001017,0.79,1.0255,0.58,0.33,11.9,9.5,14.7,0.9
20001018,0.82,1.0249,0.83,0.02,11.7,9.2,14.6,4.1
20001019,0.85,1.0217,0.53,0.06,12.9,11.1,15.1,2.1
20001020,0.83,1.0205,1.04,0,12.8,10.4,16.6,3.1
20001021,0.82,1.0248,1.09,0,13.1,9.3,17.9,2.6
20001022,0.84,1.0291,1.19,0,11.8,8.3,16.5,3
20001023,0.82,1.0263,1.2,0.15,12.2,9,17.2,3.1
20001024,0.89,1.0239,0.36,0.25,13.4,10.8,16.6,1.5
20001025,0.82,1.0176,0.97,0.06,14.6,10.2,19.5,3.5
20001026,0.79,1.018,0.53,0,12.9,10.9,16,2.5
20001027,0.73,1.0226,1.06,0,11,7,14.7,4.1
20001028,0.79,1.0191,1.11,0,10.5,5.7,16.3,5.6
20001029,0.7,1.0196,0.5,0.04,10.4,6.4,14.2,7.5
20001030,0.58,1.0051,0.63,0.78,13.9,5.1,20.1,8.4
20001031,0.78,1.006,0.28,0.48,9.7,7.6,17.2,6.2
20001101,0.62,1.0095,0.91,0,11.3,6.8,14.7,5.8
20001102,0.65,1.0049,0.55,0.95,11.4,7.1,14.1,6.1
20001103,0.87,1.0034,0.12,0.15,9.3,7.8,12.3,4.8
20001104,0.78,1.0137,0.63,0.17,7.8,6,11.5,2.2
20001105,0.74,1.0114,1.01,0.02,7.5,4.6,11.4,6.1
20001106,0.72,0.9882,0.1,0.52,8.6,6.1,11.9,7.6
20001107,0.52,0.9893,0.66,0,11.1,9.4,13.3,6.1
20001108,0.49,0.9993,0.71,0.02,10.4,8.2,13.8,4.1
20001109,0.71,1.0125,0.41,0.09,8.3,3.7,11.9,3
20001110,0.76,1.0227,0.43,0,6.6,3.3,10,3.1
20001111,0.77,1.0244,0.91,0,5.6,1.5,11,5.2
20001112,0.68,1.0117,0.23,0.08,7,3.1,10.1,5.8
20001113,0.82,1.004,0.21,1.15,9.6,7.6,11.9,3.2
20001114,0.9,1.0107,0.09,1.1,7,4.5,8.8,4.1
20001115,0.86,1.0177,0.38,0,6.2,3.6,8.8,3.6
20001116,0.85,1.0155,0.61,0.03,5.1,3,7.3,4.5
20001117,0.87,1.0156,0.09,1.07,5,4,5.7,3.2
20001118,0.8,1.0183,0.38,0,4.6,1.9,7.4,4.6
20001119,0.79,1.0081,0.45,0.13,4.4,0.6,8.7,5.9
20001120,0.78,1.0066,0.44,0.43,7.1,5.8,8.6,4.4
20001121,0.74,1.0093,0.71,0.1,6.8,4.7,9.7,6.5
20001122,0.84,1.0122,0.27,0.77,8.5,5.9,10.5,3.4
20001123,0.84,1.0055,0.1,0.53,9,7.8,10.3,4.9
20001124,0.85,1.0123,0.18,0.32,6.5,3.5,8.2,3.6
20001125,0.82,1.0109,0.62,0.65,5.2,2.3,9,5.8
20001126,0.75,1.0099,0.24,0.25,7.1,4.9,9.8,5.4
20001127,0.77,1.0199,0.39,0.25,7.1,5,9.3,4.2
20001128,0.86,1.0197,0.47,0,9.8,7,14,3.4
20001129,0.86,1.016,0.52,0,8.8,6.9,11.6,4
20001130,0.83,1.0191,0.53,0,8.3,6.4,12.1,3.6
20001201,0.87,1.0188,0.56,0.04,6,4.1,7.9,5.9
20001202,0.84,1.0184,0.26,0.02,8.2,6.4,11.2,3.1
20001203,0.76,1.0217,0.26,0,9.1,7.5,10.5,2.9
20001204,0.78,1.0203,0.59,0.12,8.1,5.9,10.7,5.1
20001205,0.84,1.0191,0.6,0,6.8,4.9,10.6,5.6
20001206,0.87,1.0179,0.28,0.43,6.1,4.3,7.8,4.4
20001207,0.79,1.0109,0.15,0.05,8.4,6.2,10,6.2
20001208,0.81,1.0116,0.06,1.43,9.7,8.7,11.7,6.2
20001209,0.83,1.0186,0.45,0,9.2,6.6,11.8,5.8
20001210,0.74,1.0224,0.14,0.28,9.2,4.6,13.5,7.6
20001211,0.67,1.0286,0.53,0,10.1,7.6,13.3,5.6
20001212,0.74,1.025,0.35,0,9,6.7,11.1,6
20001213,0.6,1.0225,0.39,0,11.7,6.9,15.6,6.5
20001214,0.66,1.0134,0.18,0.22,9.3,8,11,5.2
20001215,0.78,1.0114,0.29,0.16,5.7,4.1,9.2,3.8
20001216,0.72,1.0168,0.3,0.21,4.3,2.3,5.7,3.4
20001217,0.73,1.0177,0.29,0.03,4.8,2.8,7.5,3.1
20001218,0.8,1.0217,0.25,0,3,0.2,5,4.1
20001219,0.78,1.0217,0.45,0,6.1,3.3,11.1,3.4
20001220,0.82,1.0206,0.13,0,4.5,2.7,6.4,2.8
20001221,0.81,1.0223,0.18,0,3.3,1.7,4.3,3.8
20001222,0.8,1.0207,0.45,0,0.4,-1.7,1.9,5.8
20001223,0.8,1.0157,0.6,0,0.3,-1.7,3.6,3.1
20001224,0.78,1.0059,0.4,0.4,0,-2.1,1.7,3
20001225,0.89,0.9965,0.17,0.46,3.6,1.3,5.1,1.9
20001226,0.85,0.9925,0.54,0.01,5.9,4.5,8.9,4
20001227,0.83,0.9921,0.37,0.04,5.2,3.3,8.2,4.2
20001228,0.8,1.0002,0.17,0.01,2.6,-0.6,6.5,2.8
20001229,0.81,1.0021,0.16,0.17,1.1,-0.8,2.6,3.6
20001230,0.77,1.0069,0.43,0.01,1,-0.8,3.4,2.9
20001231,0.76,1.0188,0.59,0,0.6,-0.8,2.9,4.3
20010101,0.68,1.0086,0.16,1.22,0.8,-1.3,4.4,6.6
20010102,0.81,1.0049,0.07,1.01,6.6,3.5,9.2,7.4
20010103,0.7,1.0118,0.37,0,7,3.3,9.2,6.1
20010104,0.71,1.0083,0.13,0.04,6.7,3.3,10,7.4
20010105,0.71,1.0017,0.08,1.51,9.3,4.6,14.7,9.6
20010106,0.86,1.0071,0.07,1.01,7.8,5.1,11.4,3.6
20010107,0.87,1.0147,0.24,0,4.9,4.1,5.9,3.1
20010108,0.84,1.0157,0.21,0,5,3.6,6.1,3
20010109,0.81,1.0179,0.63,0.01,1.9,-0.4,5.2,4.8
20010110,0.8,1.0151,0.25,0.27,3.6,2.1,4.9,5
20010111,0.82,1.0181,0.12,0.04,6,4.6,7.4,4.2
20010112,0.88,1.0221,0.08,0,3.9,-0.4,5.6,6.8
20010113,0.69,1.0268,0.52,0,-0.9,-2.6,1.1,6.9
20010114,0.59,1.0273,0.72,0,-1.8,-3.3,0.7,6.1
20010115,0.7,1.0257,0.67,0,-1.8,-3.3,0,3.2
20010116,0.79,1.0241,0.66,0,-1.1,-4.4,2.3,2.6
20010117,0.76,1.0213,0.64,0,-0.2,-3.4,4,2
20010118,0.8,1.0205,0.34,0,1.8,0,4.5,2.8
20010119,0.88,1.0226,0.23,0.26,2.1,0.2,3.7,2
20010120,0.87,1.0252,0.33,0.25,3.5,1.6,5.7,1.9
20010121,0.83,1.0261,0.59,0.15,1.7,-0.4,4.1,5.2
20010122,0.76,1.0144,0.61,0.28,4.5,2,7.4,5.6
20010123,0.81,1.0097,0.43,0.11,7.7,4.2,10.7,7.6
20010124,0.81,1.0069,0.08,1.12,7.5,4.2,9.9,6.9
20010125,0.85,1.0092,0.5,0.47,6,3.1,9,4.8
20010126,0.78,1.008,0.47,0.06,5.2,2,8.9,7
20010127,0.66,1.0046,0.81,0.31,6.2,1.4,8.4,5.5
20010128,0.72,1.0041,0.81,0,3.6,0.3,7.7,4
20010129,0.86,1.0153,0.26,0,1.6,0.7,3,3.2
20010130,0.84,1.0223,0.39,0,2.5,0.2,4.2,2.5
20010131,0.74,1.022,0.71,0,1.6,-1,3.4,2.1
20010201,0.75,1.0273,0.44,0,0.3,-1.6,2.3,2.6
20010202,0.68,1.0232,0.6,0,-0.4,-3.3,2.6,3.6
20010203,0.76,1.0134,0.17,0.46,5.6,1.1,8,5.8
20010204,0.76,1.0095,0.86,0.02,10.1,7.5,13.5,7.5
20010205,0.55,1.0088,0.38,0.01,11,8.7,12.8,7.5
20010206,0.62,1.0104,0.84,0,11.2,8.3,16.6,6.1
20010207,0.69,1.008,0.42,0,9.4,6.8,12.6,5.1
20010208,0.72,1.0049,0.54,0.45,8,6.4,13.9,5.4
20010209,0.65,1.0177,0.69,0,6.6,2.6,9.4,3.9
20010210,0.76,1.0341,1.08,0,3.4,-0.6,8.5,3.4
20010211,0.64,1.0391,1.05,0,6.1,0.6,12.4,3.4
20010212,0.64,1.0306,0.91,0.7,7.4,2.9,13.2,6.5
20010213,0.84,1.0261,0.24,0.02,8.3,5,10.1,6
20010214,0.76,1.0292,0.94,0,4.1,0.9,8.9,5.2
20010215,0.76,1.0311,1.14,0,4.1,-0.5,9.4,2
20010216,0.78,1.031,0.79,0,4.8,0.4,9.9,2.9
20010217,0.8,1.0336,0.26,0.01,3.5,2.2,6.1,4.6
20010218,0.81,1.0364,0.54,0,3.7,-0.3,6.6,4.9
20010219,0.78,1.0363,1.17,0,2.4,-1.3,7.2,2.2
20010220,0.75,1.0336,0.67,0,3.2,1.8,6.1,1.8
20010221,0.68,1.0304,1.18,0,3.8,0.1,8.1,2.1
20010222,0.76,1.0191,0.39,0.08,6.5,4.8,7.9,2.9
20010223,0.78,1.0075,0.36,0.15,5.3,2.1,7.6,3.5
20010224,0.79,1.0088,0.47,0.14,0.7,-1.9,3.3,3.6
20010225,0.8,1.0123,0.86,0,-0.7,-2,1.4,3.6
20010226,0.7,1.0117,1.14,0,-0.7,-4.2,2.9,5
20010227,0.55,0.9992,1.19,0,1.4,-2.8,6.1,5.4
20010228,0.64,0.9958,0.72,0.01,2.4,0.4,6.2,4.2
20010301,0.82,1.0001,0.47,0.53,2.5,1.1,4.7,3.4
20010302,0.8,0.9986,0.92,2.67,3.2,0.4,5.8,6.4
20010303,0.91,0.9929,0.28,1.47,1.5,0.8,2.5,4.1
20010304,0.84,0.9998,0.34,1.58,5.9,2.5,9.4,4.2
20010305,0.75,1.0168,1.01,0,5.9,1.5,9.9,3.6
20010306,0.78,1.0201,1.53,0.26,3.5,-0.4,8.6,5
20010307,0.85,1.0143,0.36,0.33,6.8,4.5,10,2.9
20010308,0.89,1.0064,0.33,0.87,9.1,7,11.5,5.1
20010309,0.73,1.0097,0.83,0,10,7.7,13.1,6
20010310,0.8,1.0103,0.41,0.45,9.7,7.7,13.5,6.1
20010311,0.83,1.0135,0.32,1.44,11.8,9.5,13.8,6.2
20010312,0.86,1.0092,0.21,1.36,10.7,7.6,13.5,4.8
20010313,0.67,1.0094,1.03,1.75,7.7,4,12.4,8
20010314,0.79,1.0143,0.49,0.45,6.9,5.2,8.3,5.9
20010315,0.81,1.014,0.54,0.1,10.5,7,13.1,4.6
20010316,0.74,1.0091,1.73,0.54,12.2,6.7,18.5,4
20010317,0.84,1.0037,0.39,0.16,10.1,9.2,12.1,4.6
20010318,0.62,1.0052,1.11,0.36,11,7.7,14.5,5.9
20010319,0.72,1.0148,0.91,0.36,6.1,4.4,11.1,4.1
20010320,0.87,1.0133,0.45,0.78,5.5,4.4,8.2,5
20010321,0.75,1.0046,0.33,1.03,11.6,8,14.9,7.2
20010322,0.71,1.0044,0.99,0.07,12.1,9.5,14.1,7.2
20010323,0.71,1.0069,1.08,0.11,15.1,9.4,21.5,4.6
20010324,0.74,1.001,1.23,0.55,14.4,11.3,19,7.2
20010325,0.73,0.9983,1.12,0.31,11.4,5.9,16.6,4.8
20010326,0.79,1.0086,0.88,0.01,6.8,4.7,9.9,3.1
20010327,0.78,1.012,1,0,6.6,3.8,10.7,4.4
20010328,0.71,1.0081,1.11,0.56,9.5,5.5,14.3,7.2
20010329,0.69,1.0034,0.53,0.78,8.6,7.3,13,6.1
20010330,0.73,1.0152,1.45,0,7.9,4.4,11.2,2.8
20010331,0.64,1.025,2.22,0,8.6,1.9,15.7,3.1
20010401,0.56,1.0241,2.31,0,12,4.3,19.9,3
20010402,0.57,1.018,2.19,0,14.1,6.3,22.9,6
20010403,0.73,1.0194,0.73,0,11,7.8,13.9,4.8
20010404,0.73,1.0138,0.72,0.65,10.4,5.8,17.7,6.4
20010405,0.62,1.0193,1.89,0.19,8.4,4.5,13,4.5
20010406,0.71,1.0132,1.39,0.73,11.7,7.4,16.8,6.2
20010407,0.75,1.0071,1.03,0.57,7.8,4.8,12.6,6.5
20010408,0.81,1.0159,0.93,0.39,7.9,5.1,12.3,5.8
20010409,0.85,1.0218,0.47,2.5,7.6,6.8,9,5.8
20010410,0.83,1.0151,0.52,0.68,8.6,7,11.1,6.2
20010411,0.77,1.0193,1.51,0.01,8.1,5.7,11.8,5.1
20010412,0.66,1.0256,1.56,0,8.8,6.5,12.3,2.9
20010413,0.56,1.0266,2.06,0,4.7,1.8,9,3.2
20010414,0.59,1.0267,1.62,0,2.7,-0.3,6.6,3.2
20010415,0.74,1.0155,0.32,0.29,4.9,1.4,8.3,5.4
20010416,0.88,1.0155,1,1.23,6.3,3.3,9.3,3
20010417,0.79,1.0182,1.33,0.17,6.6,3.8,10.2,2.4
20010418,0.7,1.0104,1.53,0.42,7,2.3,11.7,4.1
20010419,0.77,1.0108,1.54,0.01,4.9,2.2,8.3,2.8
20010420,0.75,1.0102,1.84,0.02,3.8,0.7,8.2,3.8
20010421,0.9,1.0083,0.5,0.22,2.7,1.3,4.9,4.5
20010422,0.82,1.0081,1.02,0.21,5.2,1.4,8.4,4.1
20010423,0.69,1.006,2.21,0,7,0.1,13.4,3.4
20010424,0.66,1.0121,2.15,0.67,12,2.7,18.6,6
20010425,0.84,1.0158,0.62,1.41,9.5,6.3,11.8,6.5
20010426,0.66,1.0221,1.86,0.02,10.1,6.5,15,4.2
20010427,0.65,1.0183,2.11,0.16,11.7,4.4,18.8,5
20010428,0.66,1.0157,1.78,0.38,13.7,9.8,17.5,4.9
20010429,0.85,1.0117,1.37,0.09,13.2,9.6,17.1,4.1
20010430,0.88,1.0095,1.1,0,13.6,9.9,17.6,2.8
20010501,0.69,1.0162,1.97,0,13,8.1,17.2,5.9
20010502,0.68,1.0132,2.36,0,15.6,10.2,22.7,2.9
20010503,0.74,1.0082,1.69,0,15.4,11.4,19.5,2.9
20010504,0.79,1.0057,1.03,0.6,14,11.4,16.6,3.8
20010505,0.97,1.0078,0.19,1.92,10.2,8.3,12.1,6.4
20010506,0.96,1.0155,0.31,0.18,8.1,7.6,9.4,4.6
20010507,0.94,1.0203,0.27,0.09,8.7,7.5,10.4,3.5
20010508,0.88,1.0224,0.69,0,11,8.7,14.1,3.9
20010509,0.76,1.0186,2.63,0,15,10.5,20.3,3
20010510,0.78,1.0164,2.47,0,16.2,9.4,23.4,1.8
20010511,0.64,1.0173,2.94,0,16.7,8.5,24.3,2.5
20010512,0.59,1.0166,3.06,0,17.3,8.5,24.6,3.5
20010513,0.61,1.0119,2.74,0.11,17.9,9.2,25.2,3.1
20010514,0.82,1.01,1.28,1.9,15.7,12.4,21.7,2.2
20010515,0.94,1.0107,0.86,0.96,13.5,12.1,15.9,5
20010516,0.9,1.0119,1.41,2.32,14.7,11.7,20.1,5.6
20010517,0.94,1.0138,0.65,1.85,13.4,11.8,14.7,5.6
20010518,0.78,1.0209,1.7,0.35,10.9,7.1,15.3,2.9
20010519,0.71,1.0241,3.25,0,12.2,4.9,18.8,3.1
20010520,0.72,1.0212,3.06,0,14.4,6.4,22.1,6.1
20010521,0.69,1.0164,2.61,0,16.6,8.3,24.2,6.6
20010522,0.7,1.0161,2.83,0,16.1,10.2,21.6,5.5
20010523,0.67,1.0193,3.03,0,17.6,10,24.1,3.1
20010524,0.76,1.0195,2.12,0.68,18.5,13.4,24.9,1.8
20010525,0.75,1.0182,2.63,0,19,13.7,24.5,3.5
20010526,0.64,1.0205,2.99,0,19.8,12.1,26,2.9
20010527,0.62,1.0234,3.03,0,20.5,13.9,26.9,1.2
20010528,0.66,1.0242,2.99,0,21.8,14.5,27.8,1.5
20010529,0.64,1.0214,3.16,0,22.8,15.2,29.3,2.5
20010530,0.65,1.0164,3.1,0.03,22.7,15.5,28,3.1
20010531,0.67,1.0157,2.64,0.79,18.9,11.7,23.3,4.6
20010601,0.54,1.0213,2.88,0,15.2,11.4,19.3,3
20010602,0.74,1.0154,0.69,1.75,12.6,11.1,17.5,4.9
20010603,0.81,1.0201,1.93,1.06,9.5,6.2,13.5,3.9
20010604,0.66,1.0269,3.21,0,11,4.9,16.4,2.8
20010605,0.64,1.0203,3.24,0.27,15.1,6.1,22.4,4.1
20010606,0.81,1.0173,1.68,0.77,14.8,12.1,19.5,5.4
20010607,0.71,1.0166,2.41,0,16.3,12.7,21,3.9
20010608,0.91,1.0143,0.45,1.36,13.7,11.1,15.3,2.4
20010609,0.98,1.0133,0.4,1.77,11.5,10.7,12.9,2.9
20010610,0.88,1.0139,0.9,0.12,13.4,11.7,15.4,3.9
20010611,0.66,1.0232,2.75,0,12.3,7.4,16.6,2.2
20010612,0.61,1.021,3.44,0,13.9,5.9,21.9,2.2
20010613,0.62,1.0155,2.75,0.1,16.1,9,23.4,4.2
20010614,0.7,1.0158,2.39,0,16.7,10.7,21.9,2.6
20010615,0.76,1.0136,2.12,0.69,17.3,13.4,26.3,3.8
20010616,0.87,1.0124,1.38,0.48,16.2,13,21.1,6.8
20010617,0.72,1.015,2.15,0.17,15.3,12.1,19.5,4.9
20010618,0.8,1.0236,1.49,0.16,13.3,11.3,16.3,3.1
20010619,0.76,1.0259,1.95,0,14.6,11.2,19.5,2.9
20010620,0.67,1.0215,3.28,0,15.6,8,22.6,2
20010621,0.59,1.0155,3.34,0,19.2,11.1,25.9,2.5
20010622,0.6,1.015,3.09,0,18.8,11.5,24.3,2.8
20010623,0.6,1.0186,3.41,0,17.2,8.8,24.2,3.4
20010624,0.56,1.021,3.35,0,19.9,11.2,27.5,2.8
20010625,0.6,1.0216,3.3,0,21.5,12.8,28.7,4.9
20010626,0.56,1.017,3.35,0,22.9,13.3,31.2,4.9
20010627,0.69,1.0146,2.36,2.68,21.5,16.4,27.8,3.9
20010628,0.85,1.0204,1.34,0.65,18.4,15.4,21.2,3.1
20010629,0.71,1.0226,3.08,0,19.9,13.4,25.6,1.9
20010630,0.71,1.0217,2.45,0.01,21,14.8,27.2,4.1
20010701,0.66,1.0259,3.08,0,20,15.4,24.4,2.8
20010702,0.67,1.025,3.25,0,19.9,12.5,26.4,4.9
20010703,0.6,1.0169,3.31,0,20.6,12.8,27.7,4
20010704,0.54,1.0106,3.11,0,22.4,16.8,27.7,2.9
20010705,0.61,1.0104,2.59,0,23.3,16.6,29.8,2.6
20010706,0.66,1.0081,2.75,0.25,23.6,17.2,28.5,2.1
20010707,0.82,1.0128,0.94,0.91,17.6,15.5,20.6,5.9
20010708,0.73,1.016,1.7,0.18,19,14.8,22.6,4.6
20010709,0.7,1.017,2.66,0,19.1,13.9,24.4,2
20010710,0.62,1.0141,3.03,0,20.1,13.2,27,5.9
20010711,0.63,1.0176,1.37,0,18.7,13.3,21.5,5.5
20010712,0.68,1.0166,2.08,0.84,17.2,13,22.2,4.6
20010713,0.82,1.0134,1.79,0.09,17.9,14.4,22.3,4.4
20010714,0.88,1.0109,1,1.36,19.2,16.7,23.2,3.9
20010715,0.97,1.016,0.49,2.65,13.3,10.9,17.1,2.6
20010716,0.82,1.0166,1.46,0.05,14.1,10.9,17.3,2
20010717,0.75,1.0107,2.64,0.54,17.1,11.4,23,5.5
20010718,0.67,1.0074,2.34,0,17.8,12.7,23,6.6
20010719,0.64,1.0076,2.23,0.1,17.3,11.6,22.1,4.1
20010720,0.79,1.0172,0.93,0.12,14.6,13.7,16.9,3.4
20010721,0.68,1.0213,3.16,0,17.8,11.1,23.7,2.8
20010722,0.64,1.0184,3.17,0,20.6,12.1,27.9,2.2
20010723,0.69,1.0158,2.64,0.07,20.7,14.7,29.7,3
20010724,0.8,1.0159,2.21,0,20.6,16.2,25,2.5
20010725,0.77,1.0161,2.57,0,21.8,15.3,28.8,2.6
20010726,0.69,1.0159,2.84,0,22.6,15.4,29.4,1.8
20010727,0.68,1.016,2.62,0,23.6,16.4,30,2.8
20010728,0.79,1.0189,1.78,0.34,21.9,16.6,29.2,2
20010729,0.76,1.0211,2.6,0,22.6,16.8,28.3,2.5
20010730,0.66,1.0233,2.9,0,23.2,17.3,28.7,1.9
20010731,0.61,1.0222,2.93,0,23.7,15.8,31,2.5
20010801,0.69,1.0208,2.84,0,23.1,16.9,29.4,5.9
20010802,0.68,1.013,2.14,0.13,24.2,16.6,33.6,5
20010803,0.83,1.0157,0.83,0.06,20,16.4,23.4,4.6
20010804,0.79,1.0197,1.5,0.01,18.2,16.4,21.8,4.4
20010805,0.66,1.022,2.36,0,17.6,13.5,23.4,4.2
20010806,0.82,1.0191,1.31,0.29,17,12.9,21.2,5.4
20010807,0.72,1.0149,1.99,0.04,20.8,17,24.6,5.4
20010808,0.72,1.013,1.91,0.17,19.8,17,25.3,5.2
20010809,0.7,1.0174,1.16,0,18.7,16.6,21.6,3.5
20010810,0.63,1.0244,2.89,0,16.6,11.3,20.8,2.2
20010811,0.66,1.0276,2.87,0,15.6,9.9,22.2,1.2
20010812,0.64,1.0224,2.87,0,17.1,9.3,25.6,1.5
20010813,0.61,1.018,2.78,0,19.9,12,27.9,1.9
20010814,0.59,1.0161,2.79,0,22.4,14.4,31.6,2.9
20010815,0.58,1.0163,2.67,0,24.9,16.9,33.4,4
20010816,0.66,1.0186,1.71,0.01,21.8,17.9,27.3,3
20010817,0.82,1.0168,1.26,0,20.1,16.7,24.1,2
20010818,0.72,1.0123,2.47,1.42,22.4,16,29.3,3.9
20010819,0.76,1.0127,2.44,1.25,20.6,16.1,27.2,4.2
20010820,0.85,1.016,1.75,0.03,19.2,15.8,25.2,2.4
20010821,0.77,1.0189,2.44,0,19.8,13.9,26.2,2.1
20010822,0.74,1.0204,2.59,0,20.5,14.1,26.5,1.2
20010823,0.75,1.0193,2.36,0,21.5,15.5,27.6,1.6
20010824,0.71,1.0178,2.49,0,22.9,16.5,29.3,2.8
20010825,0.68,1.0175,2.48,0,23.5,17.1,30.7,3.4
20010826,0.62,1.0169,2.47,0,23.8,16.9,31.6,2.6
20010827,0.66,1.0161,2.46,0,22.8,17.6,30.6,3.5
20010828,0.69,1.0167,1.82,0,18.7,14.2,24.4,4.6
20010829,0.63,1.0123,2.4,0.49,18.4,10.9,26.2,3.1
20010830,0.84,1.0111,0.98,0.21,17.2,15.3,22.8,3.9
20010831,0.84,1.013,0.81,0.46,15.5,12.5,18.5,4
20010901,0.81,1.0173,1.34,0.02,14.4,11.1,18.3,2.2
20010902,0.73,1.0191,2.32,0,15.3,11,21.9,1.9
20010903,0.7,1.0151,2.36,0,16.6,9.8,23.7,2.6
20010904,0.78,1.0133,0.83,0.32,14.3,10.7,17.8,3.8
20010905,0.78,1.0206,1.47,0.04,12.4,8.2,16.3,1.9
20010906,0.85,1.0192,1.5,0.37,10.7,5.9,16.8,2.9
20010907,0.81,1.0187,1.32,0.04,15,12.2,18.3,3
20010908,0.75,1.0142,0.4,0.63,15.2,11.8,17.1,5
20010909,0.74,1.0159,1.71,0.04,9.8,7.2,15.7,3.5
20010910,0.73,1.0184,0.97,0,10.4,8.6,13.5,2.6
20010911,0.69,1.0199,1.45,0.49,11.5,8.3,16.1,2
20010912,0.87,1.0206,0.53,0.14,12.4,10,16.7,2.6
20010913,0.78,1.0121,1.28,0.92,14.2,9.5,20.6,5.1
20010914,0.81,1.0106,1.29,0.08,11.9,9.9,15.5,3.9
20010915,0.74,1.0165,1.16,0.03,12.1,8.2,18.6,3.6
20010916,0.81,1.0156,1.21,0.79,11.3,8.3,15.2,4.1
20010917,0.89,1.0154,0.86,0.5,8.9,6.6,12.4,3.4
20010918,0.81,1.0152,1.72,0,8.6,3.8,15.4,4
20010919,0.76,1.0135,0.6,0.28,10.9,5.7,15.4,4.4
20010920,0.78,1.016,0.39,1.58,14,11.7,16.9,2.2
20010921,0.89,1.0171,0.75,0.1,13,10.1,17,2.5
20010922,0.9,1.0146,0.7,0.03,11.5,8.9,14.7,5.1
20010923,0.95,1.0079,0.43,1.54,9.1,7.5,11.1,5.2
20010924,0.88,1.0117,0.98,0,12.2,8.5,17,1.5
20010925,0.88,1.0188,1,0,10.8,7.2,16.5,2.4
20010926,0.8,1.0221,1.44,0,12.3,8.3,17.9,3.4
20010927,0.8,1.02,1.61,0,12.9,8.1,19.7,2.1
20010928,0.81,1.0172,1.76,0,13.9,8.5,21.6,3.4
20010929,0.87,1.0153,0.55,0.46,13.7,10.5,17.2,2.6
20010930,0.85,1.0168,1.21,0.07,15.2,11.9,20.5,3.8
20011001,0.84,1.0155,0.9,0,16.6,11.6,22,5.2
20011002,0.75,1.0145,1.68,0,20.1,13.6,26.9,5.6
20011003,0.87,1.0151,0.5,2.73,15.8,12.7,19.8,2.1
20011004,0.83,1.0186,1.3,0,13.8,9.3,18.1,2.2
20011005,0.86,1.0136,1.17,0.33,13,9.1,18.2,3.8
20011006,0.85,1.0124,1.42,0.69,17.1,13.1,22.5,3
20011007,0.92,1.0109,0.66,0.5,15.4,12.8,18.5,6.8
20011008,0.88,1.0138,0.64,0.28,12.2,11.3,16.9,5.9
20011009,0.83,1.0186,1.19,0.01,13.5,10.2,18.1,3
20011010,0.83,1.0276,1.41,0,13.8,10.3,19.4,1.4
20011011,0.86,1.0318,1.38,0,13,8.5,20,2.1
20011012,0.88,1.0282,1.44,0,13.8,9.3,19.7,3
20011013,0.82,1.0242,1.4,0,15,10.5,22.5,2.2
20011014,0.83,1.021,1.25,0,16,11.4,23,3.5
20011015,0.78,1.0191,1.32,0,16.4,11.8,23,4.5
20011016,0.82,1.0259,1.24,0,15.6,11.4,20.5,3.1
20011017,0.84,1.0208,1.25,0,14.7,10.8,20.4,3.6
20011018,0.86,1.016,1.07,0,14,9,19.7,3.1
20011019,0.83,1.0142,1.25,0,14.8,11.7,20.8,3.9
20011020,0.87,1.008,0.8,0.12,13,9.6,17.2,3.8
20011021,0.8,1.0097,0.75,0.08,13.5,11.4,18,4.5
20011022,0.75,1.017,1.14,0,13.2,9.1,18.4,3.4
20011023,0.87,1.0196,0.52,0.45,11.6,8.8,14.5,3.6
20011024,0.86,1.0262,0.72,0.65,12.1,10.4,15.9,5
20011025,0.89,1.0275,0.42,0.02,11.9,8.7,15.1,2.6
20011026,0.86,1.0232,1.13,0,11.1,8,15.3,3.1
20011027,0.87,1.0234,0.9,0,12,7.7,16.5,3
20011028,0.84,1.0264,0.9,0,13.4,9.8,18.3,2.1
20011029,0.86,1.0276,0.98,0,13.3,9.3,20.1,0.9
20011030,0.84,1.0263,1.02,0,13.4,8.7,20,3.4
20011031,0.82,1.0252,0.92,0.57,11.8,6.4,20.1,3.8
20011101,0.85,1.0368,0.9,0,6.9,2.5,11.3,3.2
20011102,0.85,1.0387,0.98,0,5.5,1.1,11.3,5.2
20011103,0.82,1.0322,1.06,0,6.2,1.3,12.9,3.2
20011104,0.88,1.0246,0.98,0,7,2.6,13.2,1.5
20011105,0.89,1.024,0.3,0,7.4,4.4,9.5,1.4
20011106,0.76,1.0213,0.48,0.24,7.3,4.6,9.6,4.6
20011107,0.8,1.0151,0.43,0.33,10.4,8.2,13.2,5.9
20011108,0.74,1.0034,0.29,0.99,8.6,3.1,12.2,6.9
20011109,0.81,1.0144,0.64,0.01,2.8,-0.1,5.9,5
20011110,0.78,1.0276,0.78,0,1.6,-2.4,5.2,4.4
20011111,0.92,1.0242,0.5,0,-1.7,-3.3,0.4,2.6
20011112,0.83,1.0173,0.68,0.13,0.1,-3,4.3,2.2
20011113,0.94,1.0149,0.12,0.65,2.4,1.2,4.2,5.4
20011114,0.84,1.026,0.69,0,1.5,-1,4,5.5
20011115,0.81,1.0341,0.83,0,0.3,-3,4.8,5.9
20011116,0.86,1.0378,0.53,0,-0.5,-4.4,3.6,5.2
20011117,0.79,1.0329,0.76,0,1.8,-0.1,4.1,4.5
20011118,0.92,1.0245,0.57,0,-0.2,-1.7,3.7,2.9
20011119,0.92,1.0238,0.07,0,0.5,-1.1,1.4,3
20011120,0.84,1.0307,0.7,0,3.1,-0.2,6.5,2.6
20011121,0.84,1.0342,0.43,0,1.4,-2.5,5.1,1
20011122,0.84,1.0259,0.35,0.25,2.7,-3,7.3,4
20011123,0.87,1.0251,0.31,0.36,1.1,-0.4,3.5,2
20011124,0.88,1.0274,0.27,0.12,2.2,0.2,4.5,2.1
20011125,0.95,1.022,0.24,0.24,4.5,2.3,6,2.6
20011126,0.89,1.0144,0.25,0.2,7.8,5.8,9.4,3.6
20011127,0.9,1.0151,0.18,0.34,5.7,1.2,8.1,4
20011128,0.87,1.0218,0.16,0.38,3.6,0.5,6.4,3.1
20011129,0.88,1.0254,0.63,0.87,3.9,0,8.2,5.4
20011130,0.97,1.0183,0.08,2.41,8.1,5.1,10.9,5.5
20011201,0.92,1.0218,0.22,0,10.2,9,11.8,3.5
20011202,0.89,1.0243,0.35,0,9.5,7.4,11.5,2.8
20011203,0.88,1.024,0.12,0.05,9,8.4,9.9,3.4
20011204,0.76,1.0218,0.14,0.06,9.8,8,10.9,4.9
20011205,0.84,1.0251,0.18,0.17,8.7,7.6,12.9,5.2
20011206,0.78,1.0297,0.22,0.02,8.1,4.2,12.7,2.9
20011207,0.93,1.0361,0.27,0,2.3,-0.2,4.3,5.5
20011208,0.86,1.0371,0.32,0,0.9,-2.1,3.4,4.8
20011209,0.88,1.0378,0.53,0,-2,-4,1.9,5.2
20011210,0.79,1.0393,0.51,0,-2,-5.1,0.4,4.6
20011211,0.79,1.0354,0.43,0,-0.9,-3.9,2,4.1
20011212,0.89,1.0281,0.16,0,0.7,-0.5,2.6,5.8
20011213,0.74,1.0274,0.33,0,-0.3,-9.2,3.2,7.1
20011214,0.46,1.0337,0.59,0,-8,-10.2,-5.3,7.9
20011215,0.68,1.0328,0.57,0,-7.6,-9.7,-5.5,4.9
20011216,0.67,1.0324,0.61,0,-4.5,-9.8,0.6,6.5
20011217,0.8,1.0356,0.57,0,-3.7,-7.6,0.1,5.2
20011218,0.86,1.0358,0.29,0,-3,-7.6,-0.5,5.5
20011219,0.76,1.0322,0.2,0,-2.1,-3.8,-0.7,3.4
20011220,0.86,1.0283,0.22,0.06,-2.3,-7.4,-0.1,2.4
20011221,0.68,1.0225,0.53,0.11,-2.3,-6.4,1.6,3.5
20011222,0.81,1.0123,0.13,0.02,0.7,-1.4,2.1,2.9
20011223,0.76,1.0189,0.36,0.1,-3,-9.4,-1,1.8
20011224,0.73,1.0217,0.65,0,-7.6,-13,-2,3.8
20011225,0.68,1.009,0.38,0.42,3.7,-2.1,6.2,7.4
20011226,0.81,1.0094,0.23,0.13,0.7,-1.9,3.7,4.1
20011227,0.72,1.0177,0.53,0.09,-0.3,-4.6,4.4,5.4
20011228,0.71,1.0125,0.2,0.12,6.8,2.7,9,6.8
20011229,0.73,1.0014,0.12,1.42,8.6,4.1,11.1,7.8
20011230,0.78,1.0143,0.5,0.01,-0.2,-3.1,3.7,1.6
20011231,0.81,1.0293,0.51,0.01,-2.1,-5.6,0.5,3.3
20020101,0.76,1.0406,0.68,0,-4.7,-8.5,-0.1,5.8
20020102,0.75,1.0366,0.67,0,-3.7,-7.4,0.5,5.5
20020103,0.84,1.032,0.62,0,-5.3,-8.4,-1.2,5
20020104,0.79,1.0363,0.48,0,-5,-9.2,-1.9,3.4
20020105,0.83,1.0401,0.61,0,-5.8,-10,-0.8,1.9
20020106,0.87,1.0379,0.64,0,-5.4,-8.7,-2.3,3.1
20020107,0.92,1.032,0.34,0,-4.4,-7.2,-2.3,4.2
20020108,0.94,1.036,0.57,0,-3.7,-5.3,-1.1,4.2
20020109,0.88,1.0403,0.62,0,-4,-7,-0.5,2.9
20020110,0.87,1.0386,0.65,0,-3.5,-5.7,-0.7,2.9
20020111,0.83,1.0367,0.64,0.01,-2.3,-5,0.6,3
20020112,0.86,1.0356,0.38,0,0.6,-0.9,3.4,2.8
20020113,0.9,1.0316,0.65,0,-0.4,-3.3,2.4,2
20020114,0.87,1.0298,0.23,0,-0.6,-2.5,0.2,1.8
20020115,0.85,1.023,0.6,0,-2,-4.7,1.1,4.4
20020116,0.88,1.0244,0.09,0.02,-0.6,-1.9,0.6,2.4
20020117,0.91,1.0268,0.15,0,1.1,0.2,2.4,3
20020118,0.76,1.0258,0.58,0,1.9,-0.9,4.3,3.1
20020119,0.83,1.0249,0.25,0.02,2.5,-0.5,5.8,5
20020120,0.74,1.0266,0.4,0.08,6.6,3.2,9.5,5.9
20020121,0.82,1.0215,0.62,0,6.1,2.3,10.1,4.9
20020122,0.79,1.0175,0.32,0,3.8,-1.1,9.7,5.6
20020123,0.83,1.0111,0.29,0.36,4.1,0.8,7,6.9
20020124,0.74,1.0095,0.36,0.06,8.8,5.5,10.9,7.5
20020125,0.75,1.0232,0.6,0.2,7.4,3.7,10.7,4.9
20020126,0.56,1.0222,0.79,0.03,10.7,3.6,15.1,8.9
20020127,0.65,1.0198,0.08,0.19,10.8,8.9,14.6,8.5
20020128,0.67,1.0289,0.39,0,12.4,7.3,15.8,5.6
20020129,0.82,1.0306,0.59,0,7.4,1.2,11.8,2.4
20020130,0.75,1.0247,0.82,0,6.9,1.9,12.9,3.1
20020131,0.78,1.0245,0.51,0,7.2,1.7,11.4,4.5
20020201,0.8,1.0279,0.35,0,8.9,5.5,12.2,5.9
20020202,0.67,1.0278,0.94,0,9.4,4.9,14.6,5.8
20020203,0.65,1.0223,0.96,0,8.9,2.5,15.2,7.5
20020204,0.63,1.0248,0.98,0,9.3,4.7,12.9,7.2
20020205,0.66,1.0136,0.45,0.21,12.1,6.8,17.1,6.6
20020206,0.9,1.0088,0.19,0.73,6.5,5,9,5.1
20020207,0.78,1.0234,0.69,0.12,5.5,2.8,8.9,3.8
20020208,0.91,1.028,0.29,0.58,4.7,2.7,6.7,4.9
20020209,0.79,1.0188,0.56,0.32,9.7,6.1,13.1,7
20020210,0.72,1.0194,0.5,0.13,7.3,5.6,9.2,5.5
20020211,0.6,1.0199,0.61,0,10.6,7.5,14.2,6.8
20020212,0.57,1.022,0.76,0,13,10.7,15.9,5.9
20020213,0.6,1.0181,0.68,0,12.6,9.7,15.3,5.2
20020214,0.88,1.0148,0.09,0.04,6.3,3.9,9.3,9.2
20020215,0.75,1.0219,0.33,0,2.5,0.8,4.3,5.4
20020216,0.78,1.0252,0.49,0,1.4,-0.4,4.6,3.6
20020217,0.8,1.0235,1.04,0,2.5,-1.3,8.2,1
20020218,0.81,1.0238,0.75,0.11,3.7,-1.9,9.4,2.5
20020219,0.7,1.0271,0.43,0.03,4.5,2.3,6.6,6
20020220,0.76,1.0089,0.27,1.3,6.7,3.6,8.2,9.2
20020221,0.8,1.0159,0.55,0.07,1.2,-1.9,5,3.4
20020222,0.78,1.0173,0.42,0.3,0.6,-3.5,8.3,7
20020223,0.74,1.0102,0.33,0.53,6.4,2.6,8.8,7.2
20020224,0.67,1.0167,0.78,0.02,3.7,1.3,6.1,5.9
20020225,0.7,1.0138,0.39,0,8.3,4.8,10.4,6.8
20020226,0.58,1.0092,0.4,0.45,11.9,8.9,13.3,9
20020227,0.82,1.0079,0.66,1.58,7.5,5.3,13.3,4.9
20020228,0.63,1.0105,1.25,0.01,7.1,4,11.6,5.1
20020301,0.78,1.0115,0.86,1.64,6.8,4.9,9.9,4.5
20020302,0.92,1.0129,0.26,0.16,3.4,2,5,4.5
20020303,0.85,1.0207,0.84,0,3.1,-0.5,6.4,3.6
20020304,0.8,1.0201,1.52,0,3.1,-2,9.7,4.4
20020305,0.78,1.0128,1.28,0,3.7,-1.3,9.2,3.1
20020306,0.75,1.0137,1.46,0.01,4.8,0,12.4,4.2
20020307,0.71,1.0225,0.63,0,9.6,6.3,12.1,3.4
20020308,0.74,1.0251,1.6,0,9.4,4,15.1,1.9
20020309,0.71,1.0183,1.31,0,8.3,1.6,14.6,3.1
20020310,0.64,1.0212,1.76,0,8.7,4.9,13.7,2.6
20020311,0.54,1.0191,1.74,0,11,2.9,20,2.6
20020312,0.48,1.016,1.45,0,12.6,6.4,19.4,3
20020313,0.52,1.0133,1.73,0,13.8,6.8,20.9,4
20020314,0.86,1.0102,0.28,0.01,6.5,5.2,10.7,4.4
20020315,0.84,1.0139,1.15,0,8.1,3.9,13.1,3.8
20020316,0.71,1.0156,1.53,0,10.2,3.7,16.8,2.6
20020317,0.67,1.0134,1.41,0,11.5,5.2,17.5,4.1
20020318,0.59,1.0109,1.18,0.06,12.6,7.7,18.6,7.8
20020319,0.72,1.0095,0.7,0.32,14.6,12.7,16.6,9.2
20020320,0.69,1.0206,0.81,0.02,14.5,11.7,17.4,6.6
20020321,0.68,1.023,1.31,0.09,13.8,10.7,17.8,4.6
20020322,0.77,1.0251,0.61,0.16,9.7,7.6,11.9,2.5
20020323,0.67,1.029,1.7,0,5.1,2,8.9,3
20020324,0.62,1.0311,0.88,0,4.8,1.3,7.7,4.9
20020325,0.6,1.0284,2.07,0,2.6,-2.5,8.4,4.2
20020326,0.64,1.0274,2.14,0,3,-3.4,9.3,3.4
20020327,0.62,1.0279,2.09,0,3.4,-3.1,11,6
20020328,0.5,1.026,2.19,0,6,-1.2,13.3,5
20020329,0.48,1.0232,2.2,0,9.9,3.8,17.2,3.2
20020330,0.66,1.0244,0.66,0,6.6,2.8,11,2.6
20020331,0.57,1.0206,2.06,0,9.7,3,17.1,2.2
20020401,0.5,1.0176,2.22,0,11.2,3.4,19.1,2.2
20020402,0.46,1.0142,2.3,0,12.6,4.6,20.3,3.2
20020403,0.48,1.0053,2.22,0,12.8,5.2,20.5,3.9
20020404,0.52,1.0041,2.2,0,11.1,3.2,19.5,4
20020405,0.47,1.0053,2.3,0,10.1,2.6,16.7,2
20020406,0.38,1.0119,2.44,0,8.2,3.8,14.1,8
20020407,0.48,1.017,1.82,0.16,5.8,-0.3,13.9,6.1
20020408,0.59,1.0171,1.11,0,7.8,3.9,11.3,6.1
20020409,0.49,1.0141,2.15,0,6.6,-1.4,15.1,6.8
20020410,0.49,1.0086,1.99,0,7.3,1.4,14.3,7.2
20020411,0.58,1.0033,2.31,0,10.3,4.4,15.6,5.6
20020412,0.71,0.997,1.36,0.78,9.5,4.3,13.8,5.9
20020413,0.96,1.0009,0.23,1.95,7.6,6,9.4,4.5
20020414,0.92,1.0116,0.45,0.55,5.3,2.6,7.1,1.8
20020415,0.79,1.0163,1.51,0.04,5.7,2.2,10.4,1.6
20020416,0.81,1.0178,1.37,0.02,4.9,0,10,1.6
20020417,0.74,1.0185,1.15,0,8.6,5.1,11.7,2.9
20020418,0.66,1.0193,2.18,0.05,10,3.4,16.7,3.1
20020419,0.74,1.0232,1.62,0.01,8.8,4,14.4,2.5
20020420,0.8,1.0292,1.99,0.11,7,2.4,13.1,2.8
20020421,0.78,1.0328,1.14,0,9.2,4.1,15.2,3.1
20020422,0.68,1.0314,2.39,0,12.2,4.7,18.6,1.8
20020423,0.62,1.0293,2.26,0,14,6.3,21,2.9
20020424,0.8,1.027,0.88,0.04,13.1,10,16.5,2
20020425,0.65,1.0212,2.03,0,16.6,11.2,22.5,2.4
20020426,0.77,1.0134,0.95,0.53,12.7,9.1,19.7,5.1
20020427,0.62,1.0166,2.05,0,9.6,6.6,13.7,4.6
20020428,0.55,1.0097,1.84,0,11.7,4.4,18.3,7.4
20020429,0.57,1.0135,1.62,0.03,11.8,8.2,14.9,6.9
20020430,0.56,1.0132,2.88,0,14,6.8,21.3,7.4
20020501,0.84,1.0118,0.45,2.55,10.5,8.3,15.1,4.5
20020502,0.92,1.0115,0.7,1.88,8.9,8,10.3,2.9
20020503,0.96,1.0126,0.2,1.16,6.9,6.4,8.2,2.9
20020504,0.94,1.0141,0.26,1.85,7,5.1,8.2,2.4
20020505,0.79,1.018,1.41,0,7.3,3.5,10.1,3.4
20020506,0.8,1.0217,1.88,0,7.9,1.2,14.3,2.9
20020507,0.83,1.0176,2.46,0,11.4,5.3,17.7,4
20020508,0.89,1.0094,1.16,0,12.5,8.4,16.9,4
20020509,0.78,1.0085,1.99,0.38,16,10.7,22.4,2.9
20020510,0.67,1.009,3.03,0,15.2,9.2,22.2,3.5
20020511,0.77,1.0117,1.25,0,14,10.7,17.3,3.4
20020512,0.79,1.0157,1.65,2.51,13.4,10.6,17.9,2.6
20020513,0.76,1.0163,2.18,0.12,15.1,10.6,20.7,5.9
20020514,0.62,1.023,2.98,0,15.3,9.9,20.6,5.5
20020515,0.57,1.0264,3.17,0,16.1,7.8,22.8,2.2
20020516,0.56,1.0207,3.15,0,19,8.8,27.4,4.4
20020517,0.55,1.0128,3.01,0,21.8,12.2,29.5,4.4
20020518,0.77,1.0179,0.76,0.61,15.1,11.6,19.7,3.8
20020519,0.81,1.0224,0.92,0,13.7,10.8,17,3.4
20020520,0.66,1.0157,3.27,0,16,9.1,22.8,3.6
20020521,0.57,1.0072,3.08,0,19.1,10.7,26.2,3.9
20020522,0.65,1.0047,1.58,0,18.2,12.3,23.8,5
20020523,0.89,1.0108,0.32,1.98,11.3,10.1,13.6,3.5
20020524,0.76,1.0145,2.3,0,14.3,9.5,19.3,5.6
20020525,0.85,1.0171,0.9,0.88,11.2,6.7,15.2,5.4
20020526,0.78,1.0125,2.37,0.14,11.9,5.8,17.2,7.1
20020527,0.86,1.0107,0.83,0.18,10.7,8.9,12.3,4
20020528,0.73,1.0136,1.92,0,12.4,8.1,17.6,4.6
20020529,0.72,1.0204,1.64,0.01,12.7,9.1,16.8,3
20020530,0.65,1.0242,3.21,0,14.4,6.9,20.9,1.9
20020531,0.6,1.0248,3.33,0,16.9,8.7,23.4,4.4
20020601,0.63,1.022,3.32,0,17.7,8.4,25.4,4.8
20020602,0.59,1.0176,3.18,0,19,9.8,27.4,2.2
20020603,0.72,1.0129,1.26,0.01,17.4,12.7,21.3,2.9
20020604,0.81,1.0073,2.3,0.12,19.8,14.1,27.2,2.4
20020605,0.92,1.0001,0.84,1.58,15.3,13,21.8,4.5
20020606,0.85,1.0015,1.85,0.19,15.9,13.1,19.6,3.9
20020607,0.78,1.0082,1.37,0,14.4,12.2,18.6,5.5
20020608,0.75,1.0092,2.13,0.49,15.5,12,20.9,4.4
20020609,0.9,1.0106,0.92,1.24,15.2,13.2,18.2,4.5
20020610,0.75,1.0172,1.55,0,13.1,9.8,15.9,5.6
20020611,0.71,1.0204,2.14,0,14.5,9.7,19.5,5.4
20020612,0.67,1.0198,3.15,0,17.7,9.4,25.5,4.4
20020613,0.65,1.0196,3.14,0,20.9,13.5,27,3.4
20020614,0.64,1.0176,3.28,0,22.9,13.3,30.3,5
20020615,0.64,1.0167,2.88,0,23.9,18,30.6,1.9
20020616,0.74,1.019,2.38,0,23.3,18.3,29.4,1.9
20020617,0.61,1.0181,3.13,0,25.8,17.7,34.2,2.1
20020618,0.56,1.0174,3.11,0,26.8,18.5,34.5,3.9
20020619,0.65,1.0181,3.11,0.22,25.1,18.5,31.6,3.8
20020620,0.8,1.0194,2.02,2.06,23.3,18.2,28,2.5
20020621,0.76,1.0204,2.79,0,23,18,28.6,2.2
20020622,0.74,1.0206,3.11,0,24.2,18.7,29.4,2.2
20020623,0.69,1.0178,3.17,1.29,24.6,18.6,30.6,2.8
20020624,0.89,1.0223,0.89,0.7,18.9,17.4,20.4,3.4
20020625,0.66,1.0244,3.04,0,19.1,13.9,25.2,2.6
20020626,0.63,1.0212,3.34,0,20.1,12.4,26.8,2.1
20020627,0.66,1.015,2.15,0.03,19.8,14.4,26.1,2.9
20020628,0.59,1.0178,2.52,0,16,11.3,20.4,3
20020629,0.6,1.0216,3.33,0,15.6,9.3,21.6,1.9
20020630,0.58,1.0179,3.33,0,16.5,8.8,23.9,3
20020701,0.55,1.0113,2.95,0.07,19.7,11.9,26.1,5.4
20020702,0.74,1.0107,0.58,0.01,16.6,15.1,18,6
20020703,0.68,1.0089,1.78,0.6,17.8,12.8,24,6.5
20020704,0.73,1.0199,1.74,0,14.7,10.4,18.4,3.2
20020705,0.65,1.0156,3.34,0.43,17.2,9.1,24.7,3.8
20020706,0.82,1.017,1.45,0.09,16.1,13.8,21,3.1
20020707,0.71,1.0189,2.76,0,19.4,13.6,25.2,1.9
20020708,0.67,1.0141,3.13,0,21.9,13.7,29.8,2.6
20020709,0.77,1.0109,2.01,0.7,21.5,17.5,28.3,4.4
20020710,0.85,1.0137,0.94,0.21,15.9,12.1,21,3.8
20020711,0.7,1.0206,2.59,0,17.2,11.2,23.3,2.1
20020712,0.64,1.0183,3.17,0.83,19.6,12.1,26.6,2.2
20020713,0.8,1.0165,1.83,0.89,17.6,15.2,23,5.2
20020714,0.85,1.0193,1.7,0.06,17.4,14.9,21.4,4
20020715,0.9,1.0145,0.53,0.75,17.8,16.6,19.9,4.9
20020716,0.95,1.0121,0.3,1.51,16.1,15.5,17.7,4.2
20020717,0.94,1.0145,0.39,2.64,16.2,14.4,17.3,3.1
20020718,0.76,1.0165,2.15,0,17.9,13.8,23,2.9
20020719,0.72,1.017,3.13,0,17.7,11.6,23.8,3.8
20020720,0.68,1.0161,3.09,0,19.8,12,27,2.9
20020721,0.7,1.0149,1.48,0,20.2,15.8,24.4,3.4
20020722,0.63,1.0191,3.02,0,18.4,13.1,23.7,2.8
20020723,0.64,1.0161,3.08,0,19.1,12.2,26.4,3.9
20020724,0.68,1.0162,1.72,0,19,15.5,22.1,4
20020725,0.66,1.0175,1.62,0,18.4,14.8,21,2.8
20020726,0.71,1.0197,1.2,0.01,18,14.4,21.6,2
20020727,0.69,1.0184,2.92,0,20.8,13.4,27.8,2.2
20020728,0.67,1.0173,3.06,0,22.1,15.2,28.8,2.5
20020729,0.67,1.0155,2.9,0,23.4,17,30.4,2.4
20020730,0.69,1.0107,2.14,0.21,23.5,17.3,29.6,1.9
20020731,0.82,1.0105,1.69,0.38,19.8,16.5,25.1,4.1
20020801,0.86,1.0137,1.29,0.6,16.6,12.5,22.5,3.6
20020802,0.69,1.015,2.69,0.44,18.4,11.2,25.6,4.9
20020803,0.86,1.0148,1.46,0.57,18.4,15.3,22.5,4
20020804,0.92,1.0146,0.96,1.48,17.2,14.6,20.1,2.9
20020805,0.78,1.0146,2.28,0.41,17.8,13,23.8,2.1
20020806,0.88,1.0143,1.11,1.79,16.6,14.9,20.1,3.6
20020807,0.83,1.0165,1.37,0.46,16.9,14,21.8,3.1
20020808,0.76,1.0132,2.55,0,17.5,12.4,23.7,3.4
20020809,0.88,1.0085,1.18,0.56,15.8,13,21.1,5.6
20020810,0.94,1.006,0.48,2.1,13.5,12.1,14.9,5
20020811,0.9,1.0074,0.33,0.72,14.2,12,16.8,4.4
20020812,0.77,1.0142,1.32,0.08,16.4,14.7,20.3,3.5
20020813,0.72,1.0202,2.42,0,18.1,13.2,23,1.5
20020814,0.7,1.0192,2.77,0,18,11.1,25.9,3.2
20020815,0.72,1.017,2.79,0,19.6,12.3,26.8,2
20020816,0.7,1.017,2.75,0,20.9,14.2,27.6,1.4
20020817,0.73,1.0148,2.66,0,21.5,14.7,27.6,1.6
20020818,0.67,1.0132,2.69,0,22,15.4,29.3,2
20020819,0.64,1.0146,2.4,0,23,16.3,30.9,1.8
20020820,0.84,1.0161,1.03,0.3,19.5,16.5,25.9,3
20020821,0.71,1.0167,1.98,0,18.5,13.5,22.4,2
20020822,0.73,1.0159,2.49,0,17.2,10.9,23.9,3.9
20020823,0.76,1.0159,1.96,0,19.5,14.7,25.5,3
20020824,0.78,1.0187,1.84,0,19.9,15.9,24.8,2.4
20020825,0.82,1.0191,1.89,0,19.5,15.6,24.7,4.1
20020826,0.82,1.0155,1.26,0.6,18.3,14.4,23.8,2.5
20020827,0.84,1.0155,1,0.72,18,15.5,21.2,1.8
20020828,0.78,1.0144,2.16,0,19.4,15.7,24.5,3.1
20020829,0.82,1.0163,1.65,0,20.1,17.3,25.1,2.4
20020830,0.83,1.0184,1.64,0,20.3,16.3,25.6,1.4
20020831,0.86,1.0191,1.13,0.2,19.1,17.4,24.6,3.1
20020901,0.89,1.0237,0.22,0.01,15.5,14.7,18.4,5.1
20020902,0.79,1.0232,0.75,0,16.2,14.3,18.4,3.8
20020903,0.92,1.0165,0.45,1.29,14.6,13.7,16.6,1.9
20020904,0.84,1.0146,1.42,0,17.7,14.4,23.1,3.5
20020905,0.8,1.0153,1.57,0,17.4,13.2,23,2.6
20020906,0.78,1.0177,1.52,0,17.9,14.3,22.2,3.1
20020907,0.83,1.0145,1.77,0.2,16.6,12.8,23.4,3.6
20020908,0.75,1.012,2.11,0,18.8,13.1,25.4,3.2
20020909,0.84,1.0132,1.09,1.92,17.1,14.2,22.8,5.5
20020910,0.89,1.0211,0.97,0.24,14.4,10.8,17.7,1.9
20020911,0.92,1.0224,0.66,0.18,12.9,10.4,15.2,3.1
20020912,0.78,1.0192,1.38,0,15.2,11.4,21.1,4
20020913,0.69,1.0199,2.12,0,13.1,7.5,20.5,4.6
20020914,0.73,1.0201,2.05,0,12.9,6.4,20.1,5.2
20020915,0.76,1.0187,1.56,0,14.2,9.6,19.7,4.5
20020916,0.75,1.0178,1.96,0,12.2,6.3,19.2,5.6
20020917,0.76,1.0167,2.04,0,13,6,20.5,4.8
20020918,0.76,1.0146,1.92,0,16,9.2,24,2.8
20020919,0.92,1.0153,0.55,0.53,17,15.3,19.6,1.6
20020920,0.84,1.017,1.24,0.02,18,14.4,22.5,3.1
20020921,0.82,1.0147,1.07,0,14.3,12.2,18.1,4.2
20020922,0.74,1.0102,1.33,1.02,13.1,10,18,3.9
20020923,0.93,1.0107,0.45,1.6,9.2,7.5,10.9,4.2
20020924,0.94,1.0141,0.21,1.84,6.3,5.3,7.6,4.1
20020925,0.91,1.0187,0.35,0.02,6.4,5.1,8.3,2.9
20020926,0.89,1.0198,0.47,1.16,8.9,6.4,11.1,2.9
20020927,0.84,1.0235,1.4,0,10.8,8.6,15.3,1.9
20020928,0.83,1.0271,1.43,0,9.9,5.2,14.4,3.9
20020929,0.73,1.0284,1.86,0,8.7,2.3,16.8,4.2
20020930,0.75,1.0266,1.8,0,10.7,4.6,19.1,2.9
20021001,0.77,1.0243,1.81,0,11.6,6.1,20.3,2.2
20021002,0.82,1.0237,1.49,0,12.2,7.2,19.9,1.5
20021003,0.79,1.0244,1.51,0.02,13.9,8.4,20.8,1.9
20021004,0.92,1.025,0.56,0.89,13.6,10.1,18,2.8
20021005,0.8,1.0246,1.36,0.9,11.7,8.7,15.9,1.6
20021006,0.91,1.015,0.33,1.73,11,9.6,13.6,3
20021007,0.87,1.0171,1,0.01,9,5.2,13.8,3
20021008,0.83,1.013,1.33,0.01,9.1,4.6,14.4,4.2
20021009,0.84,1.0084,1.21,0,8.5,4.7,13,4.6
20021010,0.88,1.0069,0.75,0,7.6,4.9,10.1,3.1
20021011,0.9,1.0099,0.26,0,9.4,8.4,11.2,1.4
20021012,0.87,1.0125,0.66,0.24,9.8,8.3,13.6,4.1
20021013,0.77,1.0136,1.28,0.38,10.4,7.9,14.8,4.4
20021014,0.93,1.0142,0.17,0.83,10.6,9.3,12.3,3.2
20021015,0.93,1.013,0.56,3.04,12.1,9,14.7,5.2
20021016,0.84,1.0061,0.92,2.59,15.9,11.9,22.5,5.4
20021017,0.85,1.0056,0.37,1.14,10.8,8.3,12.4,4.2
20021018,0.76,1.0137,0.47,0.47,7.4,4.7,10.8,3.9
20021019,0.82,1.0208,0.63,0.01,6.6,3.4,11.4,2.2
20021020,0.82,1.0174,0.82,0,6.8,3,12.1,3.9
20021021,0.88,1.0066,0.45,1.42,9.7,6.6,14.3,3.6
20021022,0.74,1.0002,0.49,0.03,13.7,10.9,17.9,8.2
20021023,0.75,1.0074,0.39,0.74,10.7,6.2,16.7,5.6
20021024,0.78,1.0155,0.81,0.75,8.7,5.1,12.4,5
20021025,0.79,1.0093,0.32,0.29,13,8.2,17.5,7.5
20021026,0.57,1.0207,1.08,0,13.1,8.3,16.7,5.2
20021027,0.63,1.0202,0.41,0,14.1,7.1,21.6,7.4
20021028,0.68,1.0325,1.11,0,9.2,4.3,12.9,2.9
20021029,0.72,1.0229,0.88,0,7.4,2.3,12.4,2.8
20021030,0.73,1.0168,1.05,0,10.5,4,18.7,2.6
20021031,0.82,1.0187,0.88,0,11.4,7.3,18.1,2
20021101,0.85,1.0211,0.39,0.03,12.7,9.4,15.2,4.1
20021102,0.92,1.0165,0.11,2.84,12.1,10.2,13.6,6.1
20021103,0.84,1.0117,0.38,0.29,13,9.2,16.3,6.5
20021104,0.83,1.0175,0.31,0.3,9.2,8,10.3,3.2
20021105,0.88,1.0246,0.53,0.48,7.9,5,10.3,1.1
20021106,0.85,1.0215,0.58,0.16,5.8,3.1,9.5,4.8
20021107,0.86,1.0148,0.17,0.76,5,1.9,7.3,4.1
20021108,0.73,1.0189,0.56,0.08,5.6,3.3,8.4,4.8
20021109,0.8,1.0066,0.16,0.69,9.4,6.4,11.5,4.6
20021110,0.93,1.0116,0.32,0.7,5.9,3.1,8.5,5.2
20021111,0.82,1.0108,0.34,0.57,10.5,6,14.4,4.6
20021112,0.84,1.0141,0.88,0.46,6.6,2.9,12.5,5.2
20021113,0.85,1.0032,0.38,0.19,7.8,5.9,12,7.4
20021114,0.88,0.995,0.12,3.04,6.8,5.1,9,5.1
20021115,0.9,0.9953,0.38,0.27,8.5,6.3,10.9,2
20021116,0.94,0.9989,0.07,1.29,8.8,7.1,10,1
20021117,0.87,1.0131,0.7,0,9,5.1,13.3,1.9
20021118,0.92,1.0143,0.27,0.5,6.4,4.7,7.9,1.2
20021119,0.95,1.0125,0.15,0.16,7,4.8,7.9,3.2
20021120,0.84,1.0121,0.69,0,6.5,4.1,8.5,2.8
20021121,0.83,1.0004,0.45,0.44,6.7,2.7,10.4,6.1
20021122,0.84,1.0053,0.34,0.03,6.8,5.4,10,5
20021123,0.8,1.01,0.51,1.38,6.8,3.9,9.4,3.4
20021124,0.96,1.0093,0.16,1.28,7.4,6.7,8.2,2.2
20021125,0.94,1.0064,0.11,0.47,7,6.3,8.2,3.4
20021126,0.95,1.0147,0.17,0.26,7.8,7.1,8.7,2.5
20021127,0.88,1.0163,0.59,0,8.6,6.9,10.9,3.2
20021128,0.89,1.0153,0.55,0.58,7.9,6.2,9.9,3.9
20021129,0.86,1.0163,0.39,0,8.4,6.2,11,3.6
20021130,0.9,1.0221,0.2,0.48,6.5,4.6,8.4,2.5
20021201,0.88,1.0152,0.57,0.45,4.8,3.1,7.5,5.4
20021202,0.83,1.0083,0.15,0.08,6.2,4.7,7.5,5
20021203,0.92,1.0111,0.18,0.21,5,4.4,6,1.4
20021204,0.9,1.0164,0.09,0,4.8,4.2,5.5,2.8
20021205,0.9,1.016,0.09,0,4.3,3.9,5.8,5.2
20021206,0.89,1.0193,0.06,0.1,3.8,2.2,5.9,5.5
20021207,0.92,1.0195,0.1,0.02,2.3,1.3,3.4,3.2
20021208,0.79,1.021,0.09,0,2.3,1.3,3.2,3.1
20021209,0.78,1.0211,0.08,0.04,-0.4,-1.7,1.4,5.1
20021210,0.79,1.0225,0.41,0,-0.9,-1.6,0.2,5.2
20021211,0.83,1.0223,0.4,0,-1.9,-2.6,-0.5,3.5
20021212,0.84,1.0231,0.5,0,-0.5,-2.5,2.1,3
20021213,0.9,1.0259,0.48,0,1.8,-1,4.7,2.6
20021214,0.88,1.0207,0.42,0.26,1.3,-0.1,3.1,5.2
20021215,0.88,1.0172,0.38,0.3,4.4,1.5,8.9,7.1
20021216,0.85,1.0179,0.16,1.37,7.1,6.4,8.4,1.6
20021217,0.89,1.0196,0.27,0,6.3,4.2,7.8,4.9
20021218,0.88,1.027,0.2,0,2.8,2.3,4.4,6.1
20021219,0.76,1.0289,0.47,0,1.6,-0.1,3.1,4.5
20021220,0.85,1.0246,0.23,0.53,2.6,0.1,4.9,2.9
20021221,0.96,1.0214,0.11,0.31,6.8,4.4,9.8,3.2
20021222,0.9,1.0158,0.07,0.44,9,6.5,14,5.6
20021223,0.93,1.0146,0.32,0,10.6,8,12.9,3.8
20021224,0.9,1.0158,0.29,0,9.3,7.2,11.9,3.9
20021225,0.9,1.0176,0.28,0.04,8.3,6.4,10.4,4.9
20021226,0.87,1.0127,0.16,0.07,7.5,5.7,12.9,6.4
20021227,0.82,1.002,0.36,0,8.2,6.7,10.4,3
20021228,0.9,1.0041,0.1,0.26,7.3,5.2,9.3,3.8
20021229,0.79,1.0126,0.16,0.17,7.8,6.1,13,7
20021230,0.65,1.0077,0.15,0,12.5,9.7,14.7,4.8
20021231,0.77,1.0099,0.18,0.09,9.3,8.1,10.9,5.4
20030101,0.77,1.0104,0.47,0.25,8.3,7.2,14.6,6.9
20030102,0.65,0.9995,0.08,0.68,14.1,8.7,15.9,9.5
20030103,0.64,1.0036,0.17,0.86,9.2,7.1,10.9,4.8
20030104,0.85,1.004,0.15,0.39,5.3,-0.3,7.5,4
20030105,0.81,1.0123,0.09,0.1,-2.1,-2.9,-0.3,4
20030106,0.87,1.012,0.23,0.03,-3.6,-4.7,-2.4,5.8
20030107,0.86,1.0152,0.19,0.05,-4.3,-6.6,-2.8,5.8
20030108,0.73,1.0124,0.35,0,-4.8,-7.5,-3.6,7.2
20030109,0.75,1.0146,0.29,0,-5.6,-7.1,-4.9,4.5
20030110,0.77,1.022,0.2,0.02,-7.4,-8.5,-5.7,2.1
20030111,0.69,1.0289,0.28,0,-5,-7.9,-2.7,6.2
20030112,0.7,1.0344,0.7,0,-8,-11.2,-4.6,4.1
20030113,0.77,1.0367,0.3,0.3,-5.9,-11.2,-1.3,2.1
20030114,0.92,1.0372,0.52,0.06,2,-1.6,4.3,1.2
20030115,0.89,1.0318,0.69,0,1.5,-1.8,6.3,1.8
20030116,0.88,1.0318,0.31,0,2.7,-1.8,5,1.2
20030117,0.82,1.0254,0.7,0,2.5,-0.2,5.8,3.9
20030118,0.82,1.0213,0.66,0,2.6,-0.2,7,3.2
20030119,0.88,1.0141,0.54,0.05,1.4,-0.8,4,6.1
20030120,0.85,1.0097,0.63,0.11,3.9,0.3,8,7.1
20030121,0.91,0.998,0.12,0.79,3.3,2.2,4.6,6.2
20030122,0.72,1.0026,0.36,0.09,6.8,3.3,8.8,5.8
20030123,0.83,1.0193,0.33,0.68,4.8,3.9,6.6,4.8
20030124,0.84,1.035,0.22,0,2.4,0.3,5,1.9
20030125,0.82,1.0351,0.33,0,1.1,-0.6,3.3,2.1
20030126,0.86,1.0329,0.22,0.14,2.3,0,3.9,2.8
20030127,0.94,1.0311,0.22,0.05,4.4,2.5,9.1,3.2
20030128,0.73,1.0204,0.54,0.44,6.5,3.5,9.6,6.2
20030129,0.8,1.0054,0.2,0.14,2.1,0.7,4.1,5.9
20030130,0.8,1.0037,0.31,0.07,0.5,-1.7,2.1,5.4
20030131,0.79,1.0153,0.46,0.02,-4.6,-9.2,-1.2,4.1
20030201,0.72,1.0238,0.94,0.2,-5.8,-10.8,-1.9,3.2
20030202,0.83,1.0168,0.55,0.2,-0.8,-4.6,5.3,4.5
20030203,0.8,1.0014,0.22,1.07,4.9,3.5,7.5,5.5
20030204,0.88,0.9978,0.37,1.45,0.4,-2.1,3.7,5
20030205,0.79,1.0089,0.7,0.01,0.1,-0.6,1.9,3.6
20030206,0.78,1.0216,0.8,0.03,0.2,-3.9,2.6,2
20030207,0.78,1.0269,0.69,0,-1.6,-5.3,1.8,1.5
20030208,0.79,1.0255,0.42,0,1.5,-0.1,3.5,1.6
20030209,0.83,1.0214,0.38,0,1.3,-1,3.2,4.2
20030210,0.83,1.0238,0.69,0,-0.1,-2.4,3.5,1.6
20030211,0.72,1.0273,0.34,0,0.3,-1.4,1.3,1.2
20030212,0.72,1.0279,0.29,0,-2.8,-3.8,-1.4,3.1
20030213,0.66,1.0253,0.33,0,-3,-4.4,-1.7,4
20030214,0.69,1.0269,0.47,0,-4,-6.5,-1.4,2.9
20030215,0.63,1.0302,1.02,0,-2.5,-5,0.5,3.8
20030216,0.63,1.0296,0.42,0,-2.6,-6,0.2,5.1
20030217,0.59,1.0304,1,0,-2.4,-3.6,-0.5,4.6
20030218,0.65,1.026,1.13,0,-3.8,-6.8,-1,3.9
20030219,0.61,1.019,1.28,0,-2.7,-5.7,0.7,5.1
20030220,0.69,1.0165,1.28,0,-2,-6,3.4,2.8
20030221,0.69,1.0221,1.25,0,-0.1,-5.1,6.6,3.2
20030222,0.74,1.0272,1.29,0,-0.2,-3.7,4.8,3.4
20030223,0.76,1.0317,1.29,0,0.7,-3.5,6.5,3
20030224,0.63,1.0285,1.4,0,3.7,-1.9,10.4,4
20030225,0.58,1.0218,1.38,0,3.8,-1.5,10.9,3.8
20030226,0.55,1.0164,1.18,0,6.7,0.5,13.9,3.9
20030227,0.56,1.0185,1.27,0,5.4,-1.2,13.8,4.1
20030228,0.59,1.025,1.27,0,8.4,2.9,14.2,4.6
20030301,0.66,1.0208,1.13,0.24,9.5,4.2,15.7,4.2
20030302,0.82,1.0156,0.57,0.52,7.3,4.8,10.5,5.1
20030303,0.78,1.0209,0.57,0,5.3,1.8,8.8,3.4
20030304,0.75,1.0235,1.56,0,5.4,-0.3,11.3,3.4
20030305,0.64,1.0187,1.46,0,10.3,5.2,16.9,2.8
20030306,0.8,1.0174,0.33,0.32,6.9,4.4,11.6,3.6
20030307,0.69,1.0231,1.48,0,6.3,1.7,10.8,4.2
20030308,0.67,1.026,1.21,0,6.8,2.7,11.8,3.4
20030309,0.59,1.0263,1.49,0,8.8,3.2,16.5,2.9
20030310,0.53,1.027,1.74,0,10.8,3.2,19.2,1.9
20030311,0.44,1.022,1.28,0,14.2,7.3,22,4.2
20030312,0.67,1.0242,0.26,0.37,10.3,4.5,15.6,4.2
20030313,0.72,1.0303,1.22,0,7,3.8,12.1,6.9
20030314,0.48,1.0289,1.88,0,5,0.3,10,6.4
20030315,0.56,1.0344,1.76,0,3.7,-1.5,9.6,5.9
20030316,0.52,1.0378,1.88,0,4.6,-1.3,12.2,4.4
20030317,0.53,1.0323,1.8,0,5.7,-1.6,13,3.9
20030318,0.65,1.029,1.78,0,5.9,-0.7,12.5,5.4
20030319,0.58,1.0273,1.85,0,6.5,-1.4,14.3,3
20030320,0.53,1.0249,1.96,0,8,0.1,16.1,2.2
20030321,0.63,1.0224,1.69,0,4.8,-0.2,11.8,2.5
20030322,0.54,1.0228,1.86,0,6.6,-0.6,13.7,4.6
20030323,0.42,1.0264,1.99,0,8.7,1.5,16.9,3.4
20030324,0.5,1.0278,1.91,0,10.9,2.6,19.2,2.4
20030325,0.49,1.0222,1.91,0,11.9,4,19.7,1.8
20030326,0.46,1.0179,2,0,11.6,3.4,20,2.1
20030327,0.47,1.0167,1.7,0,12.7,4.5,20.5,2.5
20030328,0.54,1.0136,0.96,0.02,14.6,10.1,19.3,2.4
20030329,0.61,1.0139,1.35,0.12,14.4,8.7,19.1,1.4
20030330,0.74,1.0142,1.33,0.01,13.9,10.3,18.7,4.4
20030331,0.68,1.0195,1.22,0,11.6,5.1,15.8,3.9
20030401,0.52,1.0173,2.08,1.16,10.6,1.8,19.6,4.9
20030402,0.72,1.009,1.27,0.13,6.6,3.5,11.6,5.9
20030403,0.66,1.0182,0.89,0,4.9,1.8,8,5.6
20030404,0.65,1.0261,1.45,0,4.6,-0.7,10.9,4.2
20030405,0.59,1.0235,2.25,0,6.6,-1.2,13.6,5.6
20030406,0.47,1.0209,1.66,0,6,3.6,10.1,4.6
20030407,0.44,1.022,1.79,0,2.2,-0.6,6.3,5.4
20030408,0.4,1.02,2.33,0,2.6,-3.8,10.1,4.8
20030409,0.57,1.0114,1.21,0.07,4.3,1.3,8,5.1
20030410,0.85,1.0066,0.56,1.12,0.8,-0.5,3.7,2.6
20030411,0.69,1.0116,2.21,0.04,4.9,-0.8,11.1,3.5
20030412,0.8,1.0168,0.77,0.25,7.2,4.9,12.4,3
20030413,0.6,1.0194,2.6,0,10.8,3.1,18.8,5.5
20030414,0.46,1.0151,2.21,0,13.9,6.3,20.8,3
20030415,0.48,1.0179,2.61,0,13.9,4.4,23,2
20030416,0.46,1.0196,2.61,0,15.5,7,22.9,2.5
20030417,0.48,1.0227,2.48,0,14,6,21.8,2.9
20030418,0.42,1.0205,2.67,0,12.8,4.9,20.6,5.1
20030419,0.55,1.0117,2.54,0.07,8.2,2.6,14.2,6.8
20030420,0.63,1.0087,2.09,0,11.8,5.2,20,4.6
20030421,0.67,1.0137,2.17,0.18,13.2,10.9,19.8,3.1
20030422,0.72,1.0143,2.65,0,14.1,8.2,19.8,2.9
20030423,0.7,1.0139,2.54,0,13.5,7.4,20.4,4.5
20030424,0.56,1.0159,2.69,0,15.2,6.9,22.9,2.2
20030425,0.54,1.0144,2.27,0,16.5,9.6,25.5,3.6
20030426,0.8,1.0131,0.39,0.54,13,10.9,15.4,5.8
20030427,0.6,1.0158,1.67,0,13.9,10.4,18.3,4.5
20030428,0.49,1.0086,2.44,0.02,17.9,9.8,27,5.4
20030429,0.7,1.0138,1.6,0.44,16.3,12.8,22.1,3.6
20030430,0.82,1.0141,0.34,1.33,14.1,10,19.9,5
20030501,0.65,1.0215,2.24,0,13.1,7.4,18.8,4.2
20030502,0.74,1.0166,0.97,2.18,11.9,7.3,18.5,5.9
20030503,0.59,1.0238,2.88,0,13.4,7.9,18.8,3
20030504,0.52,1.0185,3.08,0,16.7,5.5,26.9,3.8
20030505,0.6,1.0123,1.67,0,18.7,12.5,25.5,1.5
20030506,0.64,1.0161,2.13,0,18.3,11.8,25.4,3.5
20030507,0.74,1.0188,2.41,0,17.4,11.9,24.5,5.2
20030508,0.76,1.0183,2.36,1.35,18.1,14.3,25.3,3.4
20030509,0.8,1.0186,1.94,0.07,16.4,12.9,21.3,2.6
20030510,0.77,1.0198,1.74,0,15.1,12.2,19.3,1.1
20030511,0.76,1.0193,2.34,0.69,16.2,11.9,20.7,2.1
20030512,0.73,1.0182,2.28,0.08,15.9,12,20.6,3.5
20030513,0.73,1.0189,0.94,0.12,11.4,7,14.8,3.6
20030514,0.69,1.0235,2.23,0.09,9.5,4.8,14.9,2.5
20030515,0.61,1.0228,3.02,0,10.1,3.2,16.9,1.6
20030516,0.59,1.0155,3.14,0,12.5,3.5,20.5,2.8
20030517,0.73,1.0153,1.05,0.24,14.1,11.3,16.6,5.2
20030518,0.83,1.0174,1.33,0.05,15.5,11.4,19.7,5
20030519,0.76,1.0157,1.35,0.99,17.1,12.6,25.2,6
20030520,0.73,1.0213,2.06,0.51,12,9.3,15.5,5.5
20030521,0.73,1.0268,1.5,0.02,11.1,8.2,14.1,4.2
20030522,0.91,1.0269,0.57,0.64,11.7,9.5,15.2,3.9
20030523,0.74,1.0169,3.07,0,18.6,12.6,25,3.1
20030524,0.67,1.0075,2.92,0.29,19.2,13.6,26.2,3.6
20030525,0.82,1.0165,0.5,0.05,12.5,11.8,14.4,3
20030526,0.88,1.0203,0.51,0.08,12.9,11.4,14.5,2.2
20030527,0.91,1.021,0.55,0.12,15.3,13.5,18.1,3.1
20030528,0.87,1.0186,1.38,0.47,16.8,14.4,22.4,4.1
20030529,0.82,1.015,2.34,0,19.2,14.7,23.8,3.1
20030530,0.68,1.0136,2.89,0,21,14.3,27.9,1.8
20030531,0.68,1.0129,2.79,0,21.6,15,28.1,1.5
20030601,0.64,1.0107,3.15,0,22.7,15.2,29.3,3
20030602,0.75,1.0121,1.91,0.82,19.8,16.9,27,2.9
20030603,0.72,1.0134,2.66,0.03,21.7,15.7,28.4,2.8
20030604,0.67,1.015,2.72,0,23.7,17.3,30.6,2.9
20030605,0.64,1.0188,2.79,0.23,22.9,17.1,28,1.1
20030606,0.78,1.0201,1.97,0,21.8,18.4,26.4,1.6
20030607,0.73,1.0172,2.32,0,22.6,18.5,29.1,1.2
20030608,0.66,1.0151,2.5,0,23.5,18.3,28.8,3.8
20030609,0.66,1.019,2.9,0,22.1,17.3,27.1,2.4
20030610,0.61,1.016,3.04,0,24.7,16.3,32.7,3.1
20030611,0.6,1.0188,2.88,0,25.8,20.6,31.3,1.5
20030612,0.62,1.0176,2.73,0,24.5,18.1,34.9,2.9
20030613,0.64,1.0199,2.36,0.02,25,20.1,29.6,3.9
20030614,0.71,1.0182,2.62,0.15,24.2,18.4,33.6,2.8
20030615,0.7,1.0164,2.93,0,24,18.9,30.3,2.8
20030616,0.65,1.0128,3.11,0,23.4,17.8,29.3,2.8
20030617,0.58,1.0119,3.12,0.02,23.6,16.2,30.4,4
20030618,0.6,1.0205,2.94,0,20.5,17.6,25.4,2.9
20030619,0.58,1.0239,3.35,0,21.2,15.2,26.9,2.1
20030620,0.61,1.02,2.84,0,23.5,17.8,28.5,3.1
20030621,0.55,1.0176,3.41,0,20,12.9,27.2,4.1
20030622,0.45,1.0112,3.4,0,24.5,14,33.9,3.2
20030623,0.44,1.0108,2.88,0.01,27.7,19.6,35.9,3.2
20030624,0.59,1.0165,2.89,0,25.7,19.7,32.3,4
20030625,0.61,1.0173,2.86,0,23.6,18.5,30.4,2.4
20030626,0.65,1.0143,2.54,0.05,21.6,17.1,31.7,3.2
20030627,0.65,1.0141,2.89,0,22.6,16.5,27.9,2.1
20030628,0.64,1.0133,2.4,0,22,17.4,27.2,2.2
20030629,0.58,1.0079,3.1,0,23.8,15.4,31.8,2.9
20030630,0.56,1.0043,2.73,0.77,25.8,18.6,33.9,3.8
20030701,0.87,1.0078,0.82,0.83,15,13.6,19.3,6.2
20030702,0.58,1.0086,2.84,0.19,18.7,15.1,24.6,3
20030703,0.72,1.0131,1.91,0.16,17.6,14.2,22.8,3.4
20030704,0.77,1.0176,1.43,0.38,14.7,13.2,19.1,3.1
20030705,0.67,1.0186,2.08,0,17.3,13.2,21.5,1.4
20030706,0.65,1.0194,3.23,0,18.6,11.5,26.3,1.6
20030707,0.62,1.0211,3.13,0,20.8,13.8,28.2,2.6
20030708,0.59,1.0199,3.04,0,21.5,14.9,27.7,3
20030709,0.58,1.0181,2.84,0,21.7,14.6,28.7,2.4
20030710,0.6,1.0182,3.19,0,22,14.7,29.8,2
20030711,0.53,1.0179,3.21,0,23.3,16,30.4,2.6
20030712,0.57,1.018,2.86,0,23.3,16.8,30.5,3.4
20030713,0.52,1.0162,3.23,0,22.4,14.4,30.4,4
20030714,0.46,1.0113,3.26,0,23.7,14.3,32.4,2.2
20030715,0.44,1.0089,2.8,0.07,27.2,18.9,33.9,3.2
20030716,0.7,1.0099,1.73,0.4,23.7,18,30.7,4.2
20030717,0.58,1.0199,1.54,0,20.6,17.7,24.5,3.5
20030718,0.54,1.0219,3.25,0,21.9,14,28.4,1.8
20030719,0.52,1.0181,3.19,0,24.1,15,32.5,2.8
20030720,0.45,1.013,2.86,0.01,27.3,18,36.3,2.4
20030721,0.67,1.0161,1.97,1.38,23.7,18.2,29.1,2.8
20030722,0.61,1.0182,2.52,0,23.5,17.3,30.1,2.5
20030723,0.66,1.017,2.5,0.01,24,18.8,28.4,3.2
20030724,0.8,1.0166,0.87,0.24,18.3,16.9,21.9,3.4
20030725,0.63,1.0142,2.68,0,21.4,14.9,28.4,4.6
20030726,0.58,1.012,2.16,0,24.1,19.5,29.5,4.6
20030727,0.85,1.0143,0.53,1.35,20.2,17.2,25.9,3.5
20030728,0.63,1.022,2.57,0,19.5,15.4,24.9,2.9
20030729,0.56,1.0232,3.02,0,20.5,14.6,26.5,3.5
20030730,0.62,1.018,2.66,0.44,20.4,13.6,27.3,4.5
20030731,0.86,1.0173,1.86,1.31,18.2,16,22.1,1.8
20030801,0.71,1.0181,2.74,0,21.7,15.2,28.4,1.9
20030802,0.64,1.0186,2.92,0,23.9,16.4,31.7,2
20030803,0.57,1.019,2.96,0,26.6,19,34.4,3.2
20030804,0.55,1.0202,2.8,0,27.5,19.5,35.6,3.8
20030805,0.52,1.0201,2.77,0,28.6,20.6,36.6,2.8
20030806,0.52,1.0196,2.45,0,28.2,20.8,35.7,2.1
20030807,0.48,1.0184,2.66,0,28.5,19.5,36.8,2.5
20030808,0.42,1.0174,2.57,0,27.6,20,37,2.8
20030809,0.45,1.017,2.51,0,28.5,19.6,36.7,2.9
20030810,0.42,1.0154,2.68,0,28.6,19.9,36.9,2.6
20030811,0.43,1.0175,2.78,0,26.7,17.8,35.8,2
20030812,0.4,1.0201,2.69,0,28.1,18.4,36.7,2.5
20030813,0.39,1.0177,2.56,0,29,20.7,38.6,2.2
20030814,0.63,1.0151,1.23,0.19,23.7,20,29.5,3.5
20030815,0.71,1.0147,1.33,0,21,17.6,25.2,1.8
20030816,0.63,1.0142,2.44,0.6,23.6,16.1,31.4,2.9
20030817,0.71,1.0144,2.29,0.81,24.1,18.1,31.1,2.4
20030818,0.7,1.0179,2.04,0.23,21.9,18,27.9,3.2
20030819,0.59,1.0198,2.62,0,22.4,16.4,29.1,2.6
20030820,0.74,1.0179,1.76,0.3,20,16.5,26.3,2.6
20030821,0.68,1.0165,2.13,0,22.5,17.2,28.1,2.2
20030822,0.55,1.0181,2.59,0,22.3,15.5,29.8,2.1
20030823,0.55,1.0183,2.64,0,21.6,13.7,30.5,3.8
20030824,0.57,1.0152,2.46,0,22.1,14.6,30.7,4.6
20030825,0.53,1.0124,2.58,0,21.6,15.2,28.9,2.9
20030826,0.49,1.0126,2.5,0,22.3,14.6,30.5,1.5
20030827,0.49,1.0111,2.26,0.01,22.1,14.5,30.3,3.6
20030828,0.64,1.0063,1.36,0.95,21,14.4,28.9,2.9
20030829,0.72,1.0049,1.43,0.29,19.6,15.3,26.9,4
20030830,0.83,1.0135,0.78,1.92,17.3,14.6,20.4,2.4
20030831,0.72,1.0191,2.03,0.58,14.8,9.9,19.9,1.9
20030901,0.69,1.0199,1.58,0,13.7,8.6,19.3,2.4
20030902,0.65,1.024,2.24,0,13.5,7.4,19.1,4.4
20030903,0.61,1.0272,2.49,0,13.9,6.1,21.4,5.2
20030904,0.57,1.0271,2.47,0,15,6.2,24.4,4.1
20030905,0.66,1.0216,1.61,0.07,15.2,9.1,23.1,2.4
20030906,0.83,1.0193,1.17,0.23,17.4,14.8,22,2.9
20030907,0.83,1.0146,1.45,2.31,17.9,14.3,24,2.2
20030908,0.8,1.0093,1.63,0.16,15.8,13.6,20.3,3.5
20030909,0.82,1.0098,1.08,0.19,15,12.6,19.7,5
20030910,0.71,1.0177,1.2,0.27,15.8,13.6,18.6,4.1
20030911,0.71,1.0202,1.31,0.43,15.2,11.8,19.2,2.9
20030912,0.68,1.027,2.06,0,15.2,10,21.2,2.6
20030913,0.73,1.0284,1.76,0,15.3,10.4,20.4,3.9
20030914,0.67,1.0273,2.19,0,13.3,7.2,22.1,4.6
20030915,0.7,1.0252,2.17,0,14.9,8.4,22.2,2.1
20030916,0.65,1.0244,2.1,0,14.9,9.1,23.6,1.4
20030917,0.63,1.0229,2.07,0,16.7,9.9,25.6,1.2
20030918,0.65,1.0212,2.05,0,18,10.7,26.8,2.1
20030919,0.6,1.0212,2.04,0,18.8,12.4,28.3,2.8
20030920,0.58,1.0226,1.99,0,19.1,12.3,28.7,2.9
20030921,0.58,1.0217,1.99,0,18.7,12.3,27.9,3.1
20030922,0.57,1.0137,1.77,0.13,19.1,12.6,26.9,4
20030923,0.74,1.0173,0.77,0.05,14.6,10.4,19.9,3
20030924,0.76,1.0278,1.06,0,10.8,6.9,15.7,4.9
20030925,0.68,1.0261,1.92,0,11.8,3.8,20.7,2
20030926,0.69,1.021,1.57,0,16.5,10,23.6,1.2
20030927,0.74,1.0177,1.23,0.01,14.4,9.6,21,1.8
20030928,0.91,1.013,0.4,0.78,14.4,12.3,16.3,2.5
20030929,0.73,1.0159,1.78,0,12.1,6.4,17,2.2
20030930,0.7,1.0139,1.73,0,11.3,4.4,19.6,3.9
20031001,0.9,1.0109,0.22,1.2,12.4,9.9,13.5,3
20031002,0.82,1.0124,1.34,0.6,17.3,12.5,23.6,2.8
20031003,0.86,1.0109,0.82,0.3,16.8,13.8,20.7,4.2
20031004,0.89,1.0085,0.25,0.92,12.8,9.8,14.9,3.5
20031005,0.88,1.011,0.43,0.86,7.2,6.2,9.8,4.4
20031006,0.69,1.0176,1.67,0.21,9.3,5.3,14,4.6
20031007,0.81,1.0112,0.4,2.5,8,2.7,11.9,6
20031008,0.67,1.0185,1.16,0,9.3,5.1,13,3.4
20031009,0.83,1.02,0.33,0.01,14,11.8,15.3,2.5
20031010,0.8,1.0231,0.53,0,12.9,9.1,15.6,1.9
20031011,0.8,1.0245,1.43,0,11.7,7.7,17.4,3.8
20031012,0.86,1.0235,0.9,0,10.9,5.4,15,3.5
20031013,0.82,1.0218,1.23,0,9.9,5,16.6,1.5
20031014,0.75,1.0236,1.15,0,9,5.7,14.7,3.4
20031015,0.61,1.0253,1.5,0,8.3,4.1,13.1,5.1
20031016,0.71,1.025,1.38,0,6.4,0.9,12.4,5.1
20031017,0.71,1.0217,1.37,0,4.7,0.2,11.9,3.9
20031018,0.75,1.0144,1.29,0,4.5,0.7,8.8,3.6
20031019,0.82,1.0079,1.24,0.58,5.5,1,11.5,3.8
20031020,0.94,0.9997,0.21,1.79,7.5,6.3,9.2,4.1
20031021,0.87,1.0098,0.4,0.15,5.6,3,8.4,3
20031022,0.8,1.0115,1.21,0,4.7,1.3,10.2,3.4
20031023,0.92,1.0086,0.13,1.47,2,0.7,5.1,4.5
20031024,0.94,1.0193,0.31,0.06,-0.3,-2.3,2.1,3
20031025,0.83,1.0246,1.18,0,0.6,-3.4,6.3,1.4
20031026,0.78,1.0173,0.91,0,2.1,-2,6.7,1.4
20031027,0.83,1.0198,1.15,0,1.7,-3.5,7.8,3.6
20031028,0.76,1.0171,1.12,0,3.9,-2.2,10.6,2.8
20031029,0.87,1.0035,0.15,0.51,6.1,3.6,9.2,5.6
20031030,0.78,0.9956,0.59,0.33,6,3.7,10,5.6
20031031,0.83,0.9856,0.31,0.83,8.2,5.9,11.2,3.4
20031101,0.87,0.9983,0.77,0.03,9,6.6,12.6,2.2
20031102,0.8,1.0109,0.69,0,8.6,5.5,12.6,6.8
20031103,0.76,1.0194,0.56,0.37,10.5,4.6,15.1,5.6
20031104,0.82,1.0311,1,0,8.4,4,15,2.8
20031105,0.82,1.031,1.03,0,6.1,0.1,13.7,4.1
20031106,0.88,1.0297,0.94,0,5.2,1.2,9.8,3
20031107,0.74,1.0237,0.89,0,6.2,0.4,9.8,6.1
20031108,0.91,1.0209,0.38,0,1.6,-0.4,4.5,3.5
20031109,0.75,1.0247,0.71,0,6.5,-0.9,11.9,2.9
20031110,0.79,1.0231,0.78,0,6.6,3.7,11.4,3.2
20031111,0.88,1.0232,0.29,0,5.1,3.9,7.2,1.1
20031112,0.88,1.0221,0.25,0.99,5.3,2.4,8.2,2.2
20031113,0.85,1.0271,0.29,0,7.7,4.2,10.8,2.4
20031114,0.87,1.0237,0.58,0.01,5.8,0.8,9.7,3.4
20031115,0.8,1.018,0.75,0,7.7,3.1,12.6,3.6
20031116,0.81,1.0143,0.36,0.96,9,4.9,11.6,3.9
20031117,0.82,1.0278,0.5,0.01,5.5,1.9,7.8,2.1
20031118,0.74,1.0299,0.47,0,7.1,2.2,11.1,2.6
20031119,0.9,1.0274,0.24,0,6.6,4.2,8.3,2.1
20031120,0.88,1.0207,0.75,0,7,4.6,10.9,2.1
20031121,0.88,1.0157,0.71,0,5.8,3.1,9.8,2.1
20031122,0.81,1.0119,0.52,0,7.5,4.9,11.7,3.5
20031123,0.8,1.0085,0.59,0,8.5,4.4,13.4,3.1
20031124,0.83,1.0085,0.47,0,7.8,5,12,1.8
20031125,0.86,1.0122,0.26,0,8.6,6,11.2,4
20031126,0.88,1.0056,0.62,0,7.2,4.1,11.9,5.4
20031127,0.9,0.9995,0.12,1.92,5.6,3.3,7.6,2.8
20031128,0.91,1.0114,0.09,0.33,4.6,3.3,5.5,2.5
20031129,0.85,1.0158,0.49,0,4.2,2.7,6.4,4.5
20031130,0.84,1.0105,0.22,0.03,6,3.4,7.4,3.4
20031201,0.81,1.0062,0.25,0,7.5,5.3,9,4.6
20031202,0.94,1.0144,0.13,0,5.4,3.8,6.6,1.8
20031203,0.96,1.0197,0.14,0,4.3,3,5.5,5.5
20031204,0.87,1.0227,0.27,0,4.6,2.6,5.8,6.4
20031205,0.96,1.0284,0.13,0,2.6,1.7,3.8,3.9
20031206,0.93,1.0243,0.14,0.11,2.3,1.3,3.6,5.8
20031207,0.61,1.0255,0.7,0,1.2,-2.1,4,7
20031208,0.77,1.0267,0.61,0,-0.5,-2.4,2.5,3.2
20031209,0.84,1.0195,0.62,0,-0.7,-3.5,2.4,2
20031210,0.84,1.0178,0.39,0,-1.2,-4.4,3.1,1.1
20031211,0.77,1.0212,0.55,0,0.7,-3.4,5.4,4.8
20031212,0.9,1.0253,0.18,0,5.1,2.9,7.2,3.2
20031213,0.8,1.0219,0.18,0.17,8.1,3.7,12.5,6.1
20031214,0.75,1.0164,0.32,0.16,7.9,4.6,12.5,4.6
20031215,0.8,1.0228,0.3,0.11,3.5,1.8,5.6,2.1
20031216,0.79,1.0307,0.53,0,1.8,-1.5,5.3,3.6
20031217,0.76,1.0285,0.57,0,1,-2.8,4.5,4.4
20031218,0.78,1.0249,0.58,0,1,-0.9,4.3,3.1
20031219,0.85,1.0241,0.18,0,2,-0.5,3.5,2.8
20031220,0.77,1.021,0.47,0.42,5.2,1.6,11.5,6.5
20031221,0.72,1.0115,0.38,0.75,6.5,2.6,10.4,5.5
20031222,0.8,1.0202,0.25,0.02,1.5,-0.8,3,4.5
20031223,0.76,1.0305,0.54,0,-1,-3.4,1.5,2.8
20031224,0.56,1.0333,0.66,0,-2.1,-4.5,1,1.2
20031225,0.65,1.0308,0.61,0,-2,-4.8,1.4,1.9
20031226,0.73,1.0196,0.6,0,-0.2,-3.6,3.3,4.6
20031227,0.81,1.01,0.19,0,2.4,-0.6,6,7.2
20031228,0.76,1.0028,0.09,0.04,4.4,2.7,9.1,7.6
20031229,0.73,1.0122,0.52,0,2.1,-1.7,4.6,5.4
20031230,0.88,1.0141,0.12,0.01,-0.8,-1.8,0.4,1.9
20031231,0.93,1.0209,0.1,0.05,0.1,-0.3,0.7,2.4
20040101,0.9,1.0148,0.16,0.18,-0.2,-1,1.1,3.5
20040102,0.94,1.0136,0.09,0.06,-0.7,-2,0.1,5.1
20040103,0.87,1.0223,0.16,0,-4.2,-5.7,-1.9,1.5
20040104,0.8,1.0236,0.3,0,-4.4,-8.7,-1.5,1.8
20040105,0.82,1.0256,0.2,0,-0.5,-2.6,1.4,2.2
20040106,0.86,1.0239,0.26,0,0.5,-1.6,2.5,1.9
20040107,0.83,1.0211,0.59,0,2.8,-1.3,6.8,2.9
20040108,0.89,1.0136,0.44,1.31,1.4,-1.9,3,6.2
20040109,0.81,1.0101,0.27,1.16,7.2,2.9,9.3,4.2
20040110,0.84,1.0183,0.46,0.01,6.3,3.6,8.7,3.2
20040111,0.83,1.0139,0.13,1.16,8.5,5.6,12.5,8
20040112,0.77,1.0078,0.11,0.89,9,6.4,12.9,7
20040113,0.78,0.9986,0.2,0.98,10.6,6.7,14.4,9.6
20040114,0.72,1.0052,0.41,0.23,6.6,3.5,8.1,6.5
20040115,0.71,1.0123,0.33,0.03,3.3,1.4,5.1,5.4
20040116,0.75,1.0043,0.2,1.57,4.7,0.7,8.9,5.1
20040117,0.86,1.0032,0.39,0.91,4.7,3.1,8.4,4.2
20040118,0.87,1.0151,0.19,0.12,2.8,-0.4,4.1,4.6
20040119,0.85,1.0217,0.39,1.75,-0.2,-2.5,2.6,3.9
20040120,0.92,1.0121,0.15,0.41,4.4,1.9,7,4.1
20040121,0.83,1.0195,0.23,0,0.8,-0.4,3.5,3.1
20040122,0.69,1.0221,0.7,0,0,-2.1,2.4,3
20040123,0.63,1.0194,0.74,0,0.8,-1.3,3.6,2.1
20040124,0.77,1.0173,0.58,0.14,-0.4,-2.6,3.8,3.2
20040125,0.84,1.0168,0.44,0.05,2.1,-0.4,5,3.1
20040126,0.86,1.0029,0.33,1.15,0,-0.8,1.1,6.6
20040127,0.91,1.0021,0.26,0.39,0.7,-0.8,2,3.5
20040128,0.8,1.0056,0.51,0.03,0.1,-1.7,2,5.9
20040129,0.7,1.01,0.52,0.01,-0.3,-1.8,1.2,3.2
20040130,0.68,1.0207,0.91,0,-1.4,-4.2,1.9,4
20040131,0.62,1.0174,0.97,0.01,3.3,-3.8,12.4,8.1
20040201,0.56,1.0251,0.84,0,9.9,4.9,14.4,5.4
20040202,0.64,1.0291,0.64,0,8.9,3.2,14.9,4.4
20040203,0.69,1.0334,0.92,0,6.9,2.4,13.2,2.8
20040204,0.7,1.0346,0.98,0,5.9,0.9,13.1,3.5
20040205,0.64,1.0331,0.98,0,7.1,0.3,16.7,3
20040206,0.62,1.0255,0.96,0.01,8.6,3.8,14.9,5.8
20040207,0.62,1.0222,0.68,0.16,8.5,5,15,6
20040208,0.74,1.0226,0.47,0.93,4.1,2.2,6.6,5
20040209,0.68,1.0342,1.09,0,2.5,-1.2,5.9,2.6
20040210,0.72,1.0341,1.04,0.06,1,-2.9,5.9,2.1
20040211,0.84,1.0277,0.28,0.49,2.4,0.5,4.4,2.4
20040212,0.87,1.032,0.44,0,3.3,1.3,5.1,3.5
20040213,0.82,1.0331,1.08,0,3,-0.5,7.1,4
20040214,0.79,1.0265,0.96,0,3.7,-0.7,8,3.5
20040215,0.79,1.0245,0.54,0,5,2.4,7.4,1.6
20040216,0.83,1.026,0.99,0,3.9,-0.4,8.6,3
20040217,0.78,1.0272,0.71,0,3.4,-1.3,7.6,2
20040218,0.82,1.0226,0.4,0,1.5,-1,3.6,3.5
20040219,0.67,1.014,0.16,0,1.6,-1.2,3.2,8.5
20040220,0.67,1.0181,1.26,0,1.8,-1.8,7.3,5.9
20040221,0.77,1.0105,0.59,0,1.5,-1.4,5.4,5.9
20040222,0.9,1.0061,0.3,1.86,3.9,0.4,6.2,5.1
20040223,0.87,1.0134,0.68,0.18,-0.7,-3.2,1.5,4.5
20040224,0.78,1.0189,1.07,0,-1.4,-5.1,1.5,1
20040225,0.67,1.0116,1.47,0,-1.9,-8.6,4.4,2
20040226,0.74,1.0046,0.7,0,-0.3,-3.6,2.4,2.1
20040227,0.63,1.0015,1.62,0,-1.6,-4.7,2.4,3
20040228,0.62,1.0054,1.45,0,-1.8,-6.9,3.3,1.9
20040229,0.69,1.0154,1.07,0,-0.9,-4.3,2.5,2.5
20040301,0.67,1.027,0.79,0,-1.2,-4.4,3.5,4.8
20040302,0.71,1.0335,0.77,0,-1.7,-5,1.7,2.2
20040303,0.62,1.0322,1.65,0,3,-1.4,8.3,2.2
20040304,0.6,1.0258,0.75,0,1.8,-2.6,6.6,3.5
20040305,0.74,1.019,0.43,0.55,3,0.4,5.4,2.5
20040306,0.83,1.0199,0.32,0.06,4.2,2.7,6.5,2.1
20040307,0.73,1.0237,0.97,0.18,3.6,1.3,7.3,2.9
20040308,0.84,1.0262,0.58,0.13,2.1,-0.3,5.5,3
20040309,0.67,1.026,1.64,0,1.7,-1.8,6.4,3.4
20040310,0.81,1.0215,0.94,0,-0.4,-2.9,4,2.5
20040311,0.81,1.0204,0.56,0,0.1,-2.3,2.3,3.5
20040312,0.76,1.0158,0.64,0.4,3.5,-1.4,8.3,4.6
20040313,0.88,1.0211,0.4,1.74,6.2,4.7,8.5,3.6
20040314,0.82,1.0301,1.3,0.11,8,5.2,12.1,4.9
20040315,0.69,1.034,1.88,0,9.5,2.5,17.5,3
20040316,0.62,1.0332,1.83,0,11.4,3.9,19.7,2.5
20040317,0.54,1.0296,1.83,0,13.8,5.9,23.6,1.5
20040318,0.51,1.0252,1.6,0,14.3,7.5,22.1,3.8
20040319,0.58,1.0246,0.94,0,12.4,9.6,16.2,7.4
20040320,0.64,1.0206,0.79,0,14,11.4,16.2,8
20040321,0.62,1.015,0.87,0.06,11.2,7.4,14.3,7.4
20040322,0.7,1.0152,1.31,0.36,6.7,2.9,10,5
20040323,0.8,1.0117,0.93,0.09,5.1,3.2,8.6,2.8
20040324,0.82,1.0134,0.52,0.33,4.7,3.3,6.2,3.5
20040325,0.87,1.0163,0.47,0.11,2.5,1.1,4.6,3.5
20040326,0.63,1.0159,0.65,0,2.1,-0.8,5.4,4.6
20040327,0.62,1.0156,2.18,0,1.7,-4.4,8,3.2
20040328,0.59,1.0191,2.25,0,5.1,-2,12,3.4
20040329,0.56,1.0187,2.27,0,7.4,-0.7,15.2,5.9
20040330,0.56,1.0133,2.14,0,9.3,1.8,16.7,4.6
20040331,0.55,1.0119,2.07,0,12.2,4.9,20.9,4.4
20040401,0.55,1.0103,2.23,0,12.9,5,20.1,3.8
20040402,0.61,1.0119,1.91,0.22,13.1,5.8,19.7,4.4
20040403,0.66,1.0236,1.83,0,11.9,7.5,17,6.1
20040404,0.72,1.0236,0.85,0.08,9.9,6.5,14.1,5.6
20040405,0.65,1.0186,1.55,0.47,9.7,6.9,14,6.5
20040406,0.8,1.0097,0.86,0.6,5.4,3,8.5,6.5
20040407,0.8,1.0119,1.19,0.19,4.7,2.6,8.2,3.1
20040408,0.76,1.0149,1.23,0.16,6.7,2.5,11,2.4
20040409,0.74,1.0114,0.91,0.04,6,1.7,10.7,3.2
20040410,0.74,1.0121,0.82,0,6.2,2.8,10.4,2.2
20040411,0.79,1.0179,0.84,0.02,6.8,4.1,10.3,4.8
20040412,0.64,1.0192,1.82,0,7.4,1.6,14.5,3.8
20040413,0.66,1.0188,1.15,0,7.2,1.4,12.4,3.2
20040414,0.62,1.019,2.4,0,8,1.3,15.5,2.5
20040415,0.6,1.0193,1.88,0,10.7,3.1,16.6,2.6
20040416,0.55,1.0117,2.58,0,12.6,4,20.3,2.9
20040417,0.66,1.0058,1.36,0,11,5.2,18.5,5.4
20040418,0.66,0.9974,2.24,0.12,12,8.1,19.5,8.4
20040419,0.6,1.001,1.25,0,8,5.2,12,5.5
20040420,0.68,1.0091,1.58,0,9.4,3.4,15.6,4.5
20040421,0.57,1.0143,2.67,0,15.7,8.6,22.2,3.9
20040422,0.55,1.0135,2.62,0,16.1,8.2,24.2,2.4
20040423,0.81,1.019,0.97,0,13,9.7,15.8,3.4
20040424,0.63,1.0227,2.23,0,12.4,7.8,17.4,5
20040425,0.55,1.0232,2.36,0,10.5,4.4,17.5,4.6
20040426,0.52,1.0175,2.92,0,12.7,5.6,19.9,3.2
20040427,0.65,1.0111,2.13,0.01,14.4,7.2,21.6,2.2
20040428,0.64,1.008,1.98,0,14.7,8.8,20.6,1.8
20040429,0.68,1.0017,2.22,0,14.8,8.8,20.3,3.2
20040430,0.77,0.999,1.48,0,13.7,10,20.6,3.1
20040501,0.72,1.0087,1.73,0.13,12.3,9.4,15.8,3.6
20040502,0.66,1.0092,2.38,0,13.5,9.2,18.7,2.9
20040503,0.68,1.0039,1.93,0.03,13.9,8.3,20,2.5
20040504,0.72,0.9948,1.29,1.14,13.6,9.5,18.1,5.4
20040505,0.81,0.9917,0.89,0.25,8.5,6.4,12.1,4.2
20040506,0.86,0.9972,0.73,0.9,7.5,6.3,9.7,3.2
20040507,0.68,1.0032,1.58,0.05,9.1,6.4,12.5,3.6
20040508,0.67,1.0048,0.82,0.15,8.8,7.1,11.1,6.1
20040509,0.78,1.0091,0.26,0.02,7.3,6.4,8.1,3.1
20040510,0.72,1.0126,2.26,0,11.7,6.8,17.1,1.8
20040511,0.66,1.0159,3.07,0,13.6,6.5,21.4,3.2
20040512,0.77,1.0142,2.19,0,12.6,6.8,19,5.1
20040513,0.75,1.0166,0.86,0,10,8.8,12.3,4.1
20040514,0.68,1.0216,1.9,0,12.5,6.7,17,3
20040515,0.62,1.025,2.89,0,13.7,5.9,21.1,4
20040516,0.62,1.0248,2.45,0,14.7,7,21.2,5.2
20040517,0.55,1.023,3.24,0,16.5,6.4,25,3
20040518,0.53,1.0223,3.24,0,18.4,8.9,26.8,2.2
20040519,0.55,1.0227,3.18,0,19.2,11,26,2
20040520,0.55,1.017,3.16,0.11,19.7,12.1,27.3,2.2
20040521,0.82,1.014,1.14,1.33,13.9,9.6,19.1,3.6
20040522,0.87,1.0208,0.53,0.4,8.6,5.7,12.2,6.9
20040523,0.63,1.0241,3.43,0,9.4,3.1,16.3,6.5
20040524,0.57,1.0236,3.38,0,11.4,2.9,18.3,4.6
20040525,0.53,1.0195,3.35,0,13.6,4,21.3,4
20040526,0.52,1.0163,3.3,0.1,16.2,7.5,24,4.6
20040527,0.81,1.0201,1.26,0.11,13,9.8,16.8,2.9
20040528,0.6,1.0229,2.72,0,13.9,8.8,19.6,2.5
20040529,0.52,1.0229,3.4,0,15.4,6.1,22.8,1.9
20040530,0.52,1.0203,3.12,0.21,16.7,8.8,25.3,3.2
20040531,0.74,1.0195,1.94,0.16,16,13,20.5,3.1
20040601,0.9,1.0168,0.76,0.98,13.8,12.4,15.1,4.8
20040602,0.86,1.0187,1.19,2.26,14.7,12.4,17.9,4.1
20040603,0.92,1.023,0.42,0.12,13,11.6,15.1,2.8
20040604,0.83,1.0211,1.82,0.08,15.1,11.3,20.1,2.2
20040605,0.84,1.0176,1.33,0.48,15,12.7,19.1,2.6
20040606,0.7,1.0187,2.93,0,16.1,10.8,21.5,3.2
20040607,0.61,1.0203,3.39,0,18.8,9.6,26.6,2.9
20040608,0.6,1.0211,3.05,0,21.3,13,30.1,2.8
20040609,0.58,1.021,3.21,0,23.5,15.3,31.1,1.6
20040610,0.59,1.0194,2.91,0,24.3,17.1,31.2,2.5
20040611,0.89,1.0203,0.65,1.66,18,15.8,20,2.6
20040612,0.68,1.0209,2.76,0.02,17.2,12.6,21,3
20040613,0.74,1.0259,2.25,0.16,14.8,11.2,18.8,4
20040614,0.69,1.0255,2.49,0,16.4,10.3,24.2,4.4
20040615,0.74,1.0203,1.49,0,16,10.2,20.5,2.4
20040616,0.7,1.0179,1.79,0.02,16.9,11.7,22,2.9
20040617,0.62,1.0143,3.41,0,17.8,9.5,25.3,3
20040618,0.61,1.0084,3,0,18.8,15.2,23,2.8
20040619,0.68,1.0074,1.73,0.14,15.4,11.9,20.1,3
20040620,0.68,1.0087,2.2,0,14.5,10.2,20.1,3.6
20040621,0.63,1.0139,2.11,0.05,15.5,12.1,20.7,2.9
20040622,0.82,1.0158,1.38,0.65,16,13,21,4.6
20040623,0.69,1.0115,1.46,0.24,19.4,15.8,24.3,7.4
20040624,0.56,1.0156,3.26,0.01,17.9,15.1,21.8,5.2
20040625,0.59,1.0195,3,0,17.5,11.6,22.5,1.9
20040626,0.57,1.0215,2.96,0,17.7,8.8,25.9,2.4
20040627,0.61,1.0201,1.94,0.14,21.4,14.3,28,4.4
20040628,0.55,1.0243,2.85,0,21.6,16.1,25.8,2.5
20040629,0.5,1.0244,3.41,0,19.2,12,25.2,2.4
20040630,0.54,1.0175,3.25,0,20.5,11.9,28.3,3.6
20040701,0.61,1.0158,1.49,0,19.2,15.6,22,4.2
20040702,0.63,1.0175,1.77,0.02,17.2,13.6,23,5.9
20040703,0.59,1.0197,3.02,0,17.5,12.2,22.5,4.9
20040704,0.53,1.0174,3.35,0,19.5,11.2,27.1,3.4
20040705,0.75,1.0184,1.35,0.79,18.4,13.2,24.5,2.8
20040706,0.75,1.0195,2.17,0.01,18.1,14.5,23.3,3.9
20040707,0.76,1.0125,1.51,0,19.8,16.4,25.5,6.5
20040708,0.84,1.0124,1.03,1.28,16.5,14.4,20.5,7.1
20040709,0.59,1.0165,2.32,0.5,16.6,13.5,21.1,5.1
20040710,0.72,1.0184,1.97,0.1,13.8,11.5,18.5,2.5
20040711,0.74,1.016,1.91,0.29,14.4,11,19.6,3.8
20040712,0.72,1.0149,1.89,0.02,14.3,11.5,19.5,2.6
20040713,0.8,1.0186,1.59,0.33,15,12,18.6,2
20040714,0.66,1.0211,3.14,0,16.2,9.5,23.2,2.8
20040715,0.66,1.0194,2.42,0,20.2,15.6,25,2.1
20040716,0.67,1.0164,3.22,0,22.1,15,28,2.2
20040717,0.64,1.0158,2.02,0,24.2,18.3,30.5,4.4
20040718,0.64,1.0179,2.61,0,22.2,17.2,28.6,2.2
20040719,0.66,1.0172,2.8,0,22.7,16.7,29.1,1.8
20040720,0.8,1.0151,1.83,0.5,20.3,17.8,26.5,3.5
20040721,0.72,1.0164,2.5,3.14,23.1,18,29.2,1.5
20040722,0.7,1.0181,2.97,0,23.9,17.8,30.9,2.5
20040723,0.69,1.0187,2.13,0.11,24.6,20.4,29.9,3
20040724,0.8,1.0218,1.36,0.03,20.7,17,24.2,3.6
20040725,0.63,1.0189,2.85,0,20.5,15.4,25.8,3.8
20040726,0.7,1.0167,1.26,0.01,16.9,13.2,21.7,3.2
20040727,0.7,1.0189,2.51,0,17.5,12.2,23.3,2
20040728,0.6,1.0179,3.12,0,18.3,10.4,26.3,3.2
20040729,0.52,1.0152,3.06,0,21.2,12.4,29.3,2.4
20040730,0.54,1.018,2.82,0,22.9,15.9,29.6,2.6
20040731,0.55,1.019,2.48,0,23.5,16.6,30,2.9
20040801,0.56,1.0161,2.87,0,24.5,16.7,32,3.9
20040802,0.58,1.0133,2.87,0,24.3,16.4,31.9,3.5
20040803,0.61,1.0101,2.36,0.46,23.6,17.5,31.1,3.1
20040804,0.74,1.0098,2.43,0.01,22.2,17.7,28.3,2.6
20040805,0.67,1.0098,2.43,0,23.3,18.7,29.2,2.9
20040806,0.76,1.0142,1.48,0.04,22.3,19.2,25.2,2
20040807,0.78,1.013,1.81,0.05,22.1,17.3,30.1,2.9
20040808,0.63,1.0089,2.74,0,23.7,16.9,31.3,3.6
20040809,0.63,1.0096,1.54,0,23.6,18.6,28.4,3.5
20040810,0.76,1.0112,1.38,1.73,21.9,18,28.8,2.8
20040811,0.77,1.0124,2.24,0,22.6,18.7,27.2,4.1
20040812,0.8,1.0105,1.78,0.71,20.8,15.7,30.3,5.5
20040813,0.72,1.0138,1.58,0.33,18.3,15.2,23,6
20040814,0.71,1.0198,0.45,0,17.6,15.2,19.3,2.5
20040815,0.68,1.0201,2.68,0,19.3,13.4,25.6,2.1
20040816,0.82,1.013,1.22,0.42,17.5,13.4,23.3,4.2
20040817,0.9,1.0099,0.57,0.66,18.1,17.3,20.9,3.1
20040818,0.67,1.0091,2.33,0.15,22,16.8,30.1,5.2
20040819,0.91,1.0138,0.56,1.33,17.9,17.1,19.3,5.9
20040820,0.7,1.0131,2.24,0,19.2,16.1,24.2,5.1
20040821,0.67,1.0182,1.34,0.02,16,13.3,19.7,4
20040822,0.76,1.0215,1.88,0,16.6,13.1,21,2.8
20040823,0.67,1.0173,2.36,0.15,19.7,12.3,28,4.2
20040824,0.8,1.0163,0.95,0.47,18,16.9,22.1,6
20040825,0.62,1.0149,1.82,0.13,17.8,15.2,21.6,5.8
20040826,0.82,1.0184,0.84,0.02,15,13.8,19.7,2.6
20040827,0.71,1.0177,2.24,0,18.1,14.3,23.1,4.2
20040828,0.71,1.0159,2.35,0,17.6,11.8,23.7,3.6
20040829,0.86,1.017,1.2,1.26,17.2,15.5,21.5,4.2
20040830,0.82,1.0169,1.24,0.02,16.9,14.3,21.4,4
20040831,0.67,1.0186,1.74,0,15.6,11.6,20.9,1
20040901,0.73,1.0177,2.45,0,15.2,8.7,22.4,2.8
20040902,0.69,1.0177,2.34,0,18.4,10,27.5,1.8
20040903,0.73,1.0227,2.12,0,21.5,15,28.1,2.8
20040904,0.8,1.0264,2.1,0,21.8,16.7,27.5,4
20040905,0.7,1.0237,2.28,0,20.3,13.9,28.1,5.1
20040906,0.68,1.0223,2.25,0,19.1,12.5,26.7,5.2
20040907,0.73,1.0247,2.19,0,19.5,13.3,26.2,5.4
20040908,0.74,1.027,2.21,0,18.4,11.4,26,5
20040909,0.59,1.0246,2.25,0,18.1,10.6,26.1,3.9
20040910,0.59,1.0204,1.79,0,19.8,14,27.6,4.6
20040911,0.68,1.0192,1.79,0.54,22.1,17.8,27.1,4.2
20040912,0.76,1.0199,1.78,0.03,16.8,12.7,21.1,3.4
20040913,0.69,1.0153,1.67,0.11,17.3,12.1,24.4,5.1
20040914,0.88,1.014,0.74,0.6,17.4,15.2,21.5,4.6
20040915,0.73,1.0203,1.33,0,15.1,12,20.2,2.5
20040916,0.78,1.025,1.34,0,13.7,9,18.1,1.1
20040917,0.76,1.024,2,0,13,6.5,20.6,2
20040918,0.74,1.0193,2.02,0,15.9,9.7,23.6,4
20040919,0.86,1.0193,0.5,0.02,14.2,10.9,18.2,2.5
20040920,0.71,1.0193,1.56,0,15.8,13,20.3,4.9
20040921,0.66,1.0214,1.39,0,13.9,11.4,18.6,3.8
20040922,0.58,1.0224,0.97,0,13.4,11.8,16.6,4.6
20040923,0.72,1.0136,0.36,1.09,15.9,11.8,18.3,5.9
20040924,0.86,1.016,1.08,0.78,10.1,9.1,14.2,3.4
20040925,0.88,1.0217,0.7,0.28,10.5,8.1,13.1,2.4
20040926,0.83,1.0242,0.36,0,10.6,8.3,12.6,2.8
20040927,0.82,1.0244,1,0.03,12.1,7.6,17.1,2.6
20040928,0.82,1.0216,0.76,0,15,13.1,17.4,1.9
20040929,0.82,1.0192,0.59,0,15.5,14,17.8,1.4
20040930,0.8,1.0203,1.42,0.01,16.2,13.1,21.4,2
20041001,0.77,1.021,1.35,0.02,16.2,12.2,21.9,3.4
20041002,0.79,1.0229,0.89,0,14.9,11.8,18.6,2.6
20041003,0.74,1.0234,1.6,0,15,10.5,20.9,2.5
20041004,0.73,1.018,1.4,0,17.1,11.6,23.8,4.9
20041005,0.7,1.0159,1.56,0,18.2,13.1,28.1,3.1
20041006,0.85,1.0184,0.34,0.21,15.9,12.4,18.5,2
20041007,0.9,1.0198,0.35,0.15,12.7,11.6,14,2.2
20041008,0.9,1.0154,0.82,1.18,14.4,10.2,20.3,6.6
20041009,0.94,1.0142,0.19,1.28,10.6,9.5,11.6,5.4
20041010,0.94,1.0117,0.12,1.46,10.8,10.1,11.5,3.9
20041011,0.8,1.0165,1.03,0,10.3,8.7,13.6,6.2
20041012,0.8,1.0187,1.35,0,11.2,7.6,16.7,4.9
20041013,0.84,1.0166,1.15,0.24,11.2,8.3,15.8,5
20041014,0.88,1.009,0.6,0.8,11.7,7.7,15.7,4.8
20041015,0.87,1.0036,0.41,0.57,8.9,6,12.4,4.8
20041016,0.86,1.0045,0.65,1.28,7,5.1,9.9,4.1
20041017,0.8,1.0087,0.47,0.43,7.7,6,11.4,5.4
20041018,0.75,1.0131,0.59,0.15,10.8,8.4,14.1,2
20041019,0.93,1.0105,0.19,1.52,9.8,8.7,11.1,3.1
20041020,0.89,1.0074,0.39,0.44,12.9,10.8,14.9,6.1
20041021,0.77,1.0153,1.19,0.01,15,10.6,19.8,4.6
20041022,0.82,1.0193,1.03,0,13.3,8.8,19.9,3.2
20041023,0.84,1.018,1.12,0,14.8,11.2,21.1,4.2
20041024,0.8,1.0139,1.23,0,14.3,10.4,21.4,4.1
20041025,0.9,1.0147,0.29,2.54,12.9,10.5,15,3.8
20041026,0.94,1.0138,0.11,3.71,9.2,8.1,10.7,1.6
20041027,0.88,1.0066,0.53,0.27,9.5,7.6,12.3,4.6
20041028,0.92,1.0023,0.37,0.92,10.6,9.3,12.8,4.4
20041029,0.91,1.0012,0.79,0.18,11.6,8.9,15,3.6
20041030,0.81,1.0088,1.08,0,10.7,6.5,16,3
20041031,0.9,1.0138,0.37,0,8.7,4.6,12.6,4.6
20041101,0.9,1.0154,0.21,0,10.1,9.6,11.3,3
20041102,0.92,1.0171,0.18,0,9.6,8.8,10.5,3.1
20041103,0.86,1.0192,0.74,0,11.6,8.1,14.9,2.6
20041104,0.88,1.0216,0.83,0.1,11.6,6.8,16.1,1.9
20041105,0.81,1.0265,0.3,0.01,11,7.3,13,2.6
20041106,0.8,1.0257,0.36,0.03,6.9,5.1,8.5,2
20041107,0.83,1.0215,0.5,0.22,6.4,3.4,9.1,1.9
20041108,0.85,1.0181,0.64,0,3.9,1.8,6.7,1.5
20041109,0.85,1.0125,0.33,0,2.2,0.9,3.2,1.9
20041110,0.85,1.0117,0.23,0.11,2,1,3.3,4
20041111,0.88,1.0176,0.24,0,3,1.7,4,4.8
20041112,0.79,1.0228,0.22,0.15,4,2.8,5,1.6
20041113,0.82,1.0265,0.38,0.13,3.7,1.5,5.9,4.8
20041114,0.73,1.0296,0.6,0,2.2,-2.3,6,3.8
20041115,0.82,1.0289,0.85,0,-0.7,-4.2,3.4,2
20041116,0.79,1.0314,0.56,0,2.1,-2.8,5.5,2.8
20041117,0.8,1.0303,0.3,0,4.7,2.2,9.1,3.4
20041118,0.67,1.0218,0.1,0.02,8.8,7.6,9.4,5.8
20041119,0.7,1.0173,0.65,0.48,5,-0.4,10.1,3.4
20041120,0.83,1.0267,0.3,0,1.2,-0.1,2.8,2.5
20041121,0.82,1.0284,0.73,0.05,1.9,-0.8,5.4,3.2
20041122,0.77,1.0256,0.37,0.07,9,2.8,12.6,3.2
20041123,0.85,1.0275,0.21,0.02,9.2,7.3,10.8,1.6
20041124,0.94,1.0312,0.49,0,3.5,-0.7,7.8,3.2
20041125,0.86,1.0286,0.61,0,3,-1.9,6,1.8
20041126,0.88,1.0281,0.41,0,3.4,-0.9,8.1,2.6
20041127,0.87,1.0268,0.5,0.02,6,1.4,10.1,1.9
20041128,0.93,1.0181,0.4,1.17,3.9,0.4,6.3,2.4
20041129,0.97,1.0135,0.08,0.05,5.5,4.6,6.1,3
20041130,0.95,1.011,0.06,0.02,3.1,2.3,4.7,1.9
20041201,0.95,1.0103,0.18,0.33,1.5,0,4,3.5
20041202,0.91,1.0119,0.35,0.8,3,0.9,5.7,5.4
20041203,0.93,1.0207,0.33,0.14,4.7,3.1,6.8,2.5
20041204,0.96,1.0284,0.13,0.01,4.5,3.6,5.5,3.9
20041205,0.98,1.0302,0.06,0,2.8,2.5,3.6,2.1
20041206,0.93,1.0307,0.29,0,0.9,0,3.8,3
20041207,0.94,1.03,0.16,0,0.2,-2,3.4,3.2
20041208,0.84,1.0298,0.18,0,0.8,0.2,1.7,4.9
20041209,0.82,1.0261,0.25,0,1.2,0.5,2.1,2.8
20041210,0.88,1.0262,0.55,0,1.1,-1.4,3.2,1.8
20041211,0.88,1.0286,0.11,0,0.2,-0.4,0.7,4.1
20041212,0.87,1.0304,0.54,0,-0.1,-1.7,2.9,3.9
20041213,0.89,1.0318,0.62,0,-1.1,-3.9,2.5,2.1
20041214,0.88,1.0314,0.59,0,-0.8,-2.8,2.7,0.9
20041215,0.88,1.0279,0.51,0,-1.4,-3.8,1,2.1
20041216,0.87,1.0181,0.5,0.03,0,-2.5,2.6,4.6
20041217,0.72,1.0057,0.17,0.14,6.6,1.5,8.3,6.6
20041218,0.67,1.0147,0.38,0.41,3.1,1.6,5.3,4.6
20041219,0.93,1.006,0.07,2.03,0.8,-0.8,8.7,7.4
20041220,0.86,1.02,0.66,0,-4.1,-8,-0.9,3.2
20041221,0.88,1.0262,0.11,0,-3.3,-7.5,-1.1,1.6
20041222,0.8,1.028,0.59,0.06,-5.2,-10.7,-0.5,4.6
20041223,0.88,1.0206,0.24,0.04,3.2,-0.8,8,5.2
20041224,0.72,1.0142,0.38,0,8.3,4.2,11.5,6.8
20041225,0.85,1.0024,0.22,1,5.3,1.5,10.9,4
20041226,0.96,1.0032,0.07,0.77,1.2,-0.1,2.6,4
20041227,0.91,1.0156,0.05,0.09,0.8,0,2.2,2.3
20041228,0.88,1.0148,0.15,0.32,0.3,-0.5,1.6,5.1
20041229,0.88,1.0279,0.21,0.05,1.6,0.6,2.2,2.4
20041230,0.85,1.0358,0.49,0,0.5,-2.2,2.7,2.5
20041231,0.92,1.0323,0.17,0.16,0.2,-2.2,2,3.4
20050101,0.94,1.029,0.3,0.07,3.8,2,5.7,4.2
20050102,0.86,1.0283,0.14,0.61,5.7,2.1,10,3.4
20050103,0.78,1.0382,0.43,0,3.7,2.1,5.9,1.9
20050104,0.8,1.0355,0.67,0,1.8,-1.9,6.9,2
20050105,0.8,1.0331,0.28,0.11,3.7,-2.2,8.3,5.5
20050106,0.78,1.0349,0.24,0.01,8.4,5.5,9.9,4
20050107,0.81,1.0355,0.64,0,5.7,1.6,9.5,3.6
20050108,0.7,1.028,0.69,0.03,6.1,-1.1,13.3,5
20050109,0.83,1.0307,0.3,0.06,8.6,5.2,11.4,2.6
20050110,0.86,1.0296,0.69,0,5.4,1.3,11.4,5
20050111,0.79,1.0311,0.69,0,4.6,1.1,10.1,5
20050112,0.84,1.0286,0.41,0.22,5.1,1.3,8.7,2.6
20050113,0.77,1.0316,0.71,0,4.8,-0.6,7.6,1.8
20050114,0.85,1.0326,0.72,0,0.4,-2.8,5.3,3.4
20050115,0.78,1.0301,0.76,0,-0.5,-2.8,3.4,3.8
20050116,0.81,1.0299,0.76,0,-1.2,-3,2.6,2.1
20050117,0.85,1.026,0.72,0,-0.7,-3.2,3.3,4.9
20050118,0.81,1.0086,0.14,0.32,2.6,-1.3,9.1,8
20050119,0.76,1.0164,0.56,0,3.2,1.6,5.9,4.5
20050120,0.74,1.0173,0.12,0.06,6.5,3,9.7,7
20050121,0.77,1.0141,0.22,0.63,6.6,4.3,9.6,5.4
20050122,0.74,1.0192,0.5,0,2.6,-1.2,5.5,4.1
20050123,0.8,1.0194,0.43,0.03,0.5,-1.1,2.6,6.2
20050124,0.78,1.0179,0.48,0.08,-1.2,-2.9,0.5,4.9
20050125,0.83,1.0192,0.39,0.12,-2.9,-3.6,-1.6,4.6
20050126,0.76,1.0198,0.53,0,-3.7,-6.2,-1.6,7.1
20050127,0.75,1.0199,0.63,0,-6.1,-8.8,-3.6,2.8
20050128,0.73,1.0156,0.8,0,-4.6,-7.1,-1.5,4
20050129,0.67,1.0232,0.91,0,-5.9,-8.2,-3.7,3.2
20050130,0.68,1.0329,0.57,0,-6.1,-10.7,-3.3,1.5
20050131,0.69,1.0308,0.38,0.07,-0.7,-3.4,2.3,2.5
20050201,0.84,1.0268,0.46,0.13,2,-0.9,4.1,3.5
20050202,0.84,1.0324,0.45,0.01,1.7,-2.2,4.1,2.4
20050203,0.85,1.0327,0.57,0,2.6,-1,5.7,2.9
20050204,0.8,1.0314,0.94,0,1.4,-1.9,5.4,3
20050205,0.76,1.0258,1.01,0,0.8,-2.2,4.4,2.9
20050206,0.81,1.026,0.7,0,0.7,-1.9,4.8,3
20050207,0.8,1.0269,0.91,0,1.6,-1.3,6.5,2.1
20050208,0.67,1.0303,1.01,0,2.9,-0.5,9.7,2.2
20050209,0.6,1.0331,1.11,0,3.5,-1,10.4,1.8
20050210,0.68,1.0341,0.54,0,4.1,-1.6,9.2,5
20050211,0.81,1.0274,0.12,0.38,6.6,5.3,7.9,6.5
20050212,0.76,1.0133,0.28,0.54,10.2,6.5,13,7.6
20050213,0.8,1.0052,0.42,0.33,3,0.3,7,6
20050214,0.81,1.008,0.56,0.18,1.1,-0.4,3.2,5.2
20050215,0.84,1.01,0.76,0,-0.3,-1.3,1.4,5.1
20050216,0.81,1.0186,0.53,0,-1.1,-2.2,0.3,5.9
20050217,0.82,1.0239,0.5,0,-1.3,-2.6,0.5,2.4
20050218,0.77,1.0229,0.32,0.01,-0.9,-1.9,0.5,2.6
20050219,0.82,1.0135,0.35,0.12,-1,-3.2,0.3,4.1
20050220,0.79,1.0097,0.99,0.01,0.2,-1.6,4.2,3.8
20050221,0.86,1.0069,0.45,0.28,-1.2,-2,-0.2,2.4
20050222,0.89,1.006,0.64,0.06,-1.7,-3.1,0.5,3.6
20050223,0.78,1.0104,0.84,0.06,-2.2,-3.7,0.7,2.2
20050224,0.76,1.0138,0.93,0,-2,-4,1.7,1.6
20050225,0.79,1.0159,0.7,0,-2.7,-5.7,-0.2,4.9
20050226,0.71,1.0135,0.73,0,-1.3,-3.8,0.9,4.1
20050227,0.81,1.0143,0.44,0.5,-4,-6.5,-2.5,6.9
20050228,0.6,1.0209,1.72,0,-6.2,-11.4,-2.4,5.1
20050301,0.66,1.015,1.62,0,-7.6,-14.7,-1.1,2.1
20050302,0.63,1.0091,1.65,0,-3.9,-10.7,3.1,3.8
20050303,0.58,1.0075,1.48,0,0.5,-4.3,7.2,4
20050304,0.64,1.0125,1.37,0,-0.2,-4.4,3.7,4.1
20050305,0.79,1.0073,0.78,0.06,-0.3,-2.3,2.1,3.8
20050306,0.84,1.0175,0.45,0,-2.2,-6.1,-0.3,4.6
20050307,0.79,1.0254,1.41,0.27,-3.4,-10.1,1.3,3.2
20050308,0.84,1.0267,0.78,0.26,1.6,-1.4,4.9,2.2
20050309,0.78,1.0295,0.56,0,3,1.1,5.6,1.9
20050310,0.76,1.0283,0.9,0,2.6,-1.6,6.8,1.8
20050311,0.66,1.02,1.57,0,2.5,-3.7,7.6,3.9
20050312,0.7,1.0106,0.33,0.19,3.4,0.7,6.3,4.5
20050313,0.66,1.0155,1.92,0,2.2,-2.8,7.4,1.2
20050314,0.61,1.0169,1.76,0,5.4,-1.1,12.2,1.2
20050315,0.63,1.0245,1.85,0,9.5,1,17.8,2.8
20050316,0.54,1.0289,1.95,0,11.2,3.6,20.7,3.8
20050317,0.54,1.0303,1.8,0,13,5.4,21.5,2.1
20050318,0.58,1.0288,1.95,0,13.8,6.5,22.5,2.6
20050319,0.62,1.0228,1.94,0,13.6,5.3,21.8,3.6
20050320,0.77,1.0188,1.36,0,12,8.8,16.7,3.6
20050321,0.66,1.0147,1.91,0,11.4,4.5,17.6,2.9
20050322,0.72,1.0151,0.61,0.61,11,8.6,14.2,3.8
20050323,0.8,1.0183,1.94,0,13.2,9.4,18.1,4.2
20050324,0.85,1.0179,0.9,0.86,12.1,7.9,16.5,2.1
20050325,0.72,1.0172,1.77,0.04,12.5,7.6,17.7,3.2
20050326,0.85,1.0089,1.06,1.11,11.1,6.7,16.6,3.4
20050327,0.87,1.0079,0.78,0.16,11.3,9.6,14.1,3.8
20050328,0.75,1.0134,1.15,0,11.9,8.3,15.9,3.6
20050329,0.8,1.0137,1.22,0.41,11.7,8.3,17.5,5
20050330,0.74,1.0163,1.19,0,11,6.7,14.4,3.2
20050331,0.8,1.0217,1.22,0.08,9.6,4.7,14.6,2.5
20050401,0.62,1.0235,2.2,0,10.9,5.7,16.9,4
20050402,0.53,1.0217,2.24,0,11.6,4.4,19.5,3.4
20050403,0.52,1.0239,2.28,0,11.9,5.4,19.5,3.2
20050404,0.5,1.0251,2.3,0,11.9,5,18.7,3.1
20050405,0.69,1.0268,0.5,0.01,10.4,6.9,13.8,2
20050406,0.66,1.0208,1.82,0.1,13.2,6.6,19.5,4.2
20050407,0.72,1.01,0.68,0.76,12,7.7,14.6,5.1
20050408,0.8,1.0063,0.9,0.76,7.6,5.4,9.7,4.6
20050409,0.85,1.0157,0.37,0.06,3.6,0.8,5.4,5.6
20050410,0.69,1.0254,1.59,0.01,5.1,-1.2,9,3.2
20050411,0.54,1.0234,2.02,0,9.1,3,15,4.4
20050412,0.69,1.0193,0.84,0,8.7,6.1,10.6,2.8
20050413,0.68,1.0133,1.1,0,10.1,6.5,13.9,2.8
20050414,0.64,1.0071,2.11,0,12,5.4,18.6,3.8
20050415,0.67,1.0048,2.15,0,10.9,6.1,17.6,2.2
20050416,0.81,0.9986,0.38,1.86,8.6,6.2,11.2,5
20050417,0.92,1.0002,0.39,1.12,6.3,3.5,8.5,4
20050418,0.8,1.0033,1.15,0.39,10.5,7.6,14,4.1
20050419,0.74,1.006,1.11,0.04,9.5,6.8,12.4,3.8
20050420,0.84,1.011,0.61,0.53,7.5,6.1,9.3,1.5
20050421,0.78,1.0166,1.41,0,8.1,4,12.9,2.4
20050422,0.54,1.0155,2.86,0,9.3,0.7,16.8,2.8
20050423,0.7,1.0127,1.03,0.27,10.7,5.8,16.5,2.5
20050424,0.96,1.0104,0.43,1.57,11,10,12.5,2.2
20050425,0.82,1.011,0.98,0.06,10.8,9.1,13.3,3.4
20050426,0.7,1.0169,1.89,0.07,12.8,8.3,18.8,3.6
20050427,0.88,1.0206,0.54,0.42,11,9.4,13.8,2.8
20050428,0.72,1.022,2,0,14.4,8.5,19.5,1.8
20050429,0.61,1.0199,2.65,0,17.8,11.2,25.2,2
20050430,0.57,1.0153,2.81,0,19,10.9,26.3,2.9
20050501,0.52,1.013,2.74,0,20.6,12.6,28.7,3.4
20050502,0.53,1.0149,2.22,0.16,19.9,12.2,27.7,3.2
20050503,0.86,1.0174,1,0.89,14.7,10.2,21,5.4
20050504,0.84,1.0168,1.39,0.41,11.8,9.5,17.9,3.9
20050505,0.84,1.0171,1.6,0.51,11.4,8.6,16.7,4
20050506,0.79,1.0191,0.8,0.85,10,7.8,13.6,3.8
20050507,0.83,1.0141,0.79,0.48,10.2,7.7,14,4.5
20050508,0.61,1.0143,2.78,0,10.1,5.3,15,2.8
20050509,0.6,1.0135,2.83,0.08,10.5,6.4,15.2,2.5
20050510,0.63,1.0161,2.42,0,9.7,4.8,14.8,5.8
20050511,0.66,1.0206,3.06,0,9.4,2,16.7,6.4
20050512,0.54,1.0167,2.8,0.25,12.4,2.5,20.2,4.2
20050513,0.7,1.0153,2.05,0.06,14.1,8.8,21,1.9
20050514,0.79,1.0136,0.8,0.3,13.5,11.3,16.8,4.4
20050515,0.73,1.016,1.89,0,13.6,9.1,17.8,1.8
20050516,0.92,1.0139,0.63,0.88,9.9,7.7,12.4,2.4
20050517,0.77,1.0125,2.85,1.46,12.3,7.4,19.1,3.2
20050518,0.82,1.0199,0.72,0.47,9,6.4,12.6,2.2
20050519,0.7,1.0234,2.94,0,12,4.9,19.3,3.2
20050520,0.62,1.019,2.99,0.3,17.4,8,26,3.6
20050521,0.82,1.0156,1.19,0.07,16.7,13.8,20,4.8
20050522,0.86,1.0148,1.48,1.75,14.6,12.4,21,4.8
20050523,0.9,1.0205,1.08,0.48,12.1,9.1,15.1,4
20050524,0.67,1.025,3.16,0,14.7,7.9,20.9,2.7
20050525,0.6,1.0244,3.15,0,18.2,9.4,26.3,3.2
20050526,0.62,1.02,3.18,0,21.1,11.2,29.2,2.6
20050527,0.58,1.0158,2.88,0,22.8,14.4,30.6,3.4
20050528,0.56,1.0164,3.13,0,23.5,16,30,3.4
20050529,0.67,1.015,2.9,0,23.3,16.5,30.8,3.8
20050530,0.83,1.0202,0.54,0.43,17.4,11.1,21.9,4.2
20050531,0.67,1.0255,2.82,0,14.2,8.4,19.8,1.9
20050601,0.63,1.022,3.19,0,15.1,8.8,21.3,1.5
20050602,0.56,1.018,3.22,0,17.7,9.4,24.4,2.3
20050603,0.59,1.0133,2.97,0.43,20.8,12.5,29.3,5.1
20050604,0.68,1.0181,1.98,0,16.9,14.2,20.6,4.1
20050605,0.61,1.0207,2.01,0,16.1,12.4,20,3.1
20050606,0.77,1.0213,1.32,0.58,14.6,12.9,18.1,3.7
20050607,0.64,1.0299,2.93,0,12.1,7.5,15.6,4.8
20050608,0.58,1.0322,2.76,0,11.9,4.2,18.4,5.8
20050609,0.57,1.0275,2.28,0,12,5.1,18.3,4.6
20050610,0.56,1.0208,2.86,0,13.3,4.4,20.1,4.2
20050611,0.59,1.0135,2.94,0,15.1,6.9,22.6,5.3
20050612,0.69,1.0101,2.65,0.16,15.9,10.1,21.9,3.3
20050613,0.85,1.009,1.83,1.99,16.9,13.4,23.4,2.1
20050614,0.91,1.0133,0.91,0.96,16.2,14.6,19.5,3.2
20050615,0.71,1.02,2.67,0,18.5,13.3,24.3,4
20050616,0.66,1.0246,2.9,0,19.6,15.3,24.4,2.3
20050617,0.66,1.0272,2.89,0,20.9,14.3,26.9,3.4
20050618,0.68,1.0232,2.94,0,22.2,15.7,28.3,3.7
20050619,0.51,1.018,3.47,0,22.4,13.5,30.3,2.4
20050620,0.47,1.0156,3.47,0,23.7,13.5,31.5,3.2
20050621,0.54,1.0167,3.06,0,24.7,16.3,32.4,2.6
20050622,0.62,1.0195,2.88,0,24.4,17.6,31,3.1
20050623,0.61,1.0183,3.09,0,24.6,16.7,32.1,3.7
20050624,0.64,1.0149,2.38,0,25.5,19.7,32.5,2.8
20050625,0.8,1.0177,1.73,0.98,21.5,19,26,2.6
20050626,0.71,1.0206,3.15,0,23.8,18.1,30.8,3.8
20050627,0.68,1.0187,2.93,0,24.9,18.3,32.6,3.5
20050628,0.66,1.0143,2.56,0.3,25.1,19.4,34,3.1
20050629,0.8,1.0098,2.09,2.69,21.9,17.5,30,4
20050630,0.74,1.0122,2.29,0.33,19.9,16,25,5.2
20050701,0.72,1.0185,1.79,0.14,17.2,14.6,21.1,4.4
20050702,0.8,1.0228,1.39,0,18,14.7,21.2,2.6
20050703,0.7,1.0175,2.67,0,21.3,15.6,26.8,1.8
20050704,0.79,1.012,1.37,1,18.5,13.2,29,5.1
20050705,0.66,1.0165,3.03,0.23,15.6,11.3,20.5,4
20050706,0.8,1.0137,1.27,1.49,14.6,11.1,18.3,5.2
20050707,0.82,1.0153,1.08,0.51,13.5,11.6,17,4.4
20050708,0.79,1.0166,1.59,0.01,14.1,11.6,18.3,2.4
20050709,0.75,1.0182,2.68,0,16.1,10.4,22,3.5
20050710,0.83,1.0211,1.98,0.81,17,11.9,22.9,4.1
20050711,0.89,1.0248,1.79,1.91,16.9,13.6,22.4,4.5
20050712,0.86,1.0238,2.07,0.82,17.8,14.3,25.2,4.2
20050713,0.7,1.0209,2.94,0,20.4,13.3,27.4,3.5
20050714,0.54,1.0197,3.34,0,22.1,13.3,30.1,2.2
20050715,0.54,1.017,2.97,0.04,23.4,16.1,30.9,2.1
20050716,0.68,1.0154,1.93,0.02,22.9,17.9,28.3,1.9
20050717,0.62,1.0145,3.11,0,23.7,17.3,30.3,3.5
20050718,0.73,1.0116,1.81,1.47,21.1,17.3,27.4,4.9
20050719,0.72,1.0205,1.99,0.01,18.8,14.6,22.8,4.4
20050720,0.63,1.0241,2.04,0.11,18.7,13.9,22.7,3.5
20050721,0.69,1.0197,2.44,0,18.9,14.8,23.1,3
20050722,0.69,1.0149,1.7,0,17.6,13.1,20,1.8
20050723,0.67,1.0119,2.42,0.01,18.2,11.8,23.3,2.1
20050724,0.79,1.0102,1.24,0.92,19,15.9,23.7,4.9
20050725,0.9,1.0107,0.82,0.23,18.8,17.4,21,5.4
20050726,0.75,1.0123,2.78,0.02,21.5,17.2,26.8,2.2
20050727,0.62,1.0105,2.93,0,25.4,16.9,33.6,2.9
20050728,0.61,1.0115,2.88,0,26.8,20.4,34.6,2
20050729,0.76,1.0137,1.99,1.51,22.4,17.3,29.7,3.6
20050730,0.77,1.0164,1.66,0,19.2,15.2,23.4,4
20050731,0.67,1.0166,2.64,0,18.5,13.5,23.7,3.3
20050801,0.66,1.0167,2.64,0.2,19.1,13.1,24.5,1.8
20050802,0.95,1.0179,0.23,1.63,15.3,14.5,16.2,2.5
20050803,0.79,1.0216,1.55,0.08,17.4,14.4,22.8,3.6
20050804,0.65,1.0247,3,0,17.6,12.4,22.9,2.2
20050805,0.66,1.0218,2.72,0.13,18.2,10.7,24.8,3.6
20050806,0.69,1.0184,1.79,0,18,15.4,21.5,2.2
20050807,0.7,1.016,1.81,0,14.9,11.1,18.2,2.8
20050808,0.69,1.0181,2.42,0,14,9.1,19.3,4.6
20050809,0.63,1.0159,3.03,0,15.8,8.7,23.2,4.6
20050810,0.67,1.0142,2.93,0,17.3,9.9,24.3,4.9
20050811,0.67,1.0152,2.84,0,16.7,10.9,22.7,2.8
20050812,0.68,1.0155,2.7,0.3,18.5,11.1,26.5,3.2
20050813,0.72,1.0189,2.23,0,17.7,13.3,23.5,2.8
20050814,0.82,1.0172,0.82,0.51,15,12.4,20,5.4
20050815,0.9,1.0208,0.62,0.68,13.6,11.5,15.4,3.4
20050816,0.79,1.0202,1.66,0,16,12.2,21.2,4.5
20050817,0.7,1.017,2.77,0,18.4,10.1,25.6,4
20050818,0.68,1.0145,2.49,0,20.6,14.7,27.8,3.8
20050819,0.72,1.0162,1.64,0.1,19.8,16.4,25.8,4.9
20050820,0.85,1.0184,0.91,0.26,16.2,15,19.5,2.6
20050821,0.94,1.0151,0.23,2.2,15.1,13.8,16.3,3.8
20050822,0.9,1.0132,0.44,0.22,17.1,15.9,19.4,3.5
20050823,0.78,1.0157,1.86,0,17.9,15.2,22,3.5
20050824,0.79,1.0151,1.63,0,18,15.4,22.9,4
20050825,0.84,1.0119,0.82,0.47,17.3,15.2,21.9,3.9
20050826,0.76,1.0189,1.69,0,16.5,12.9,21.3,1.9
20050827,0.75,1.0184,1.89,0,16.3,11.2,21.2,1.8
20050828,0.72,1.0211,2.25,0,17.4,12.3,23.4,3.1
20050829,0.75,1.0228,2.51,0,18.5,11.6,25.6,2.6
20050830,0.75,1.0223,2.44,0,21.2,14.4,28.2,3.6
20050831,0.71,1.0164,2.41,0,22.6,16.2,29.9,4.5
20050901,0.73,1.0169,2.04,0,22,17.4,26.9,2.7
20050902,0.78,1.0225,2.02,0,21.4,17.5,27.1,3
20050903,0.78,1.0239,2.02,0,21.3,16.4,27,4
20050904,0.78,1.0216,2.11,0,20.1,15.4,26,3.8
20050905,0.71,1.0157,1.99,0.01,19.9,14.8,27.5,2
20050906,0.69,1.0114,2.17,0,20.7,15.6,27.5,2.7
20050907,0.7,1.0128,2.27,0,20,13.7,27,3
20050908,0.66,1.0143,2.21,0.12,21.4,15,28.4,1.6
20050909,0.82,1.0114,1.41,0.04,19.9,17.4,24.8,2.4
20050910,0.82,1.0114,1.29,1.83,18.8,15,24.2,2.9
20050911,0.85,1.011,0.95,0.3,16.3,15.1,18.7,2
20050912,0.82,1.0159,1.15,0,16.7,14.8,20.6,3.2
20050913,0.9,1.0234,0.57,0.01,16.5,14.5,18.5,1.8
20050914,0.82,1.0251,0.96,0,17.4,14.1,21,1.7
20050915,0.79,1.0204,1.4,0,17.2,12.8,22,3.1
20050916,0.78,1.0096,1.31,1.6,16.2,9.9,22.8,4.6
20050917,0.81,1.0179,0.55,0,10.3,6.5,14.1,5.2
20050918,0.73,1.0222,0.67,0,9.9,5.3,13.9,3.8
20050919,0.78,1.0227,0.87,0,10.1,6.9,13.7,2.7
20050920,0.76,1.0239,1.89,0,11.4,6.2,17.3,1.8
20050921,0.76,1.0213,1.99,0,11.6,5,18.8,3.2
20050922,0.75,1.0202,1.97,0,12.2,6,19,1.9
20050923,0.76,1.0181,1.87,0,15,9,22.5,2.6
20050924,0.76,1.0179,1.74,0,15.9,10.8,22.6,1.9
20050925,0.76,1.0153,1.61,0,16.5,11.3,23.2,1.9
20050926,0.81,1.0213,0.96,0,16.4,13.1,19.8,2.5
20050927,0.85,1.0219,0.76,0,15.6,13.2,19.8,3.3
20050928,0.79,1.0225,0.77,0,15.1,12.9,18.4,2.6
20050929,0.76,1.0222,0.81,0,13.5,10,16.6,3.9
20050930,0.77,1.0256,1.23,0,11.7,7.8,16,3.1
20051001,0.9,1.0181,0.41,1.54,12.2,10.4,14,4.5
20051002,0.92,1.0197,0.45,0.8,10.3,8.9,12.5,3.4
20051003,0.94,1.0226,0.15,0.56,10,9.2,10.6,3.1
20051004,0.95,1.0205,0.27,0.66,11.9,10.3,13,4.2
20051005,0.89,1.0219,0.97,0.01,12.4,8,15.4,2.5
20051006,0.92,1.0215,0.4,0,13.3,11.7,15.3,1.6
20051007,0.85,1.0195,1.13,0,13.9,10.5,18.6,2.1
20051008,0.83,1.0204,1.53,0,13.9,9.7,19.9,2.6
20051009,0.79,1.0237,1.59,0,13.6,8.9,21.1,1.8
20051010,0.86,1.0228,1.57,0,12.5,7,18.5,2.8
20051011,0.85,1.0193,1.47,0,13.2,8.8,18.6,3.8
20051012,0.8,1.0184,1.46,0,13.5,9.1,19.8,2.7
20051013,0.79,1.0197,1.4,0,12.2,7.7,19.6,2.3
20051014,0.78,1.0256,1.43,0,11.3,5.5,19,4
20051015,0.82,1.0271,1.38,0,10.6,5,17.4,3.9
20051016,0.86,1.0253,1.38,0,10,6.5,14.8,2.8
20051017,0.79,1.0225,1.17,0,9.7,6.8,13.4,3.5
20051018,0.75,1.0206,1.26,0,7.9,5.3,11.6,3.2
20051019,0.88,1.0185,0.55,0.37,9.3,7.3,12.6,3.6
20051020,0.87,1.0149,1.08,0,12.7,8.8,18.7,2.1
20051021,0.84,1.0099,0.92,0.16,13.9,9.9,20.1,5.1
20051022,0.89,1.0097,0.68,1.82,14.8,12.7,19.4,5.6
20051023,0.88,1.0174,0.42,0.02,13.2,10.2,15.6,1.8
20051024,0.87,1.0216,0.96,0,12.3,8.9,16.9,4.6
20051025,0.7,1.0184,0.84,0,14.7,9.7,21.2,6
20051026,0.7,1.0218,1.04,0,15.8,10.1,21.1,3.7
20051027,0.79,1.0214,1.2,0,13.4,7.8,20.3,4.5
20051028,0.77,1.0204,1.18,0,13.6,8.2,20.9,2.9
20051029,0.76,1.0196,1.1,0,13.7,9.7,19.5,3.5
20051030,0.73,1.0182,1.12,0,13.7,9.2,19.9,3.8
20051031,0.74,1.0144,0.65,0.21,13.6,8.1,18.6,4.1
20051101,0.82,1.0196,0.66,0.02,13.3,10.3,17,4.7
20051102,0.83,1.0198,0.53,0.17,11.9,8.4,15.4,5.2
20051103,0.8,1.0185,1,0.01,13.9,10.6,19.6,5.1
20051104,0.87,1.0179,0.42,0.89,12.5,10.3,16.3,3
20051105,0.82,1.0272,0.7,0,9.6,5.4,12.3,2.9
20051106,0.84,1.028,0.93,0,6.6,2.9,11.8,3.8
20051107,0.81,1.0276,0.77,0,7.1,2.6,12.2,3.6
20051108,0.8,1.0246,0.92,0,7.4,2.8,12.9,3.3
20051109,0.88,1.0249,0.78,0,6.7,3.6,11.4,3
20051110,0.9,1.0349,0.16,0,8.8,5.1,10.9,1.8
20051111,0.88,1.0309,0.39,0,8.2,4.9,11.3,2.7
20051112,0.86,1.02,0.59,0,7.2,4.2,10.8,2
20051113,0.9,1.0205,0.78,0,5.8,2.9,9.4,5.7
20051114,0.83,1.0237,0.15,0,4.7,3.9,6.1,4.6
20051115,0.86,1.0145,0.74,0,5,3.1,7.8,2.2
20051116,0.88,1.0068,0.19,0.1,5.9,4,8.3,2.3
20051117,0.82,1.0154,0.57,0,2.9,-0.5,7,1.4
20051118,0.81,1.0223,0.5,0,2.1,-1.7,5.3,2.9
20051119,0.9,1.0302,0.71,0.01,-0.5,-2.8,3,5.2
20051120,0.84,1.0335,0.76,0,-0.4,-3.9,3.9,4.5
20051121,0.8,1.0309,0.36,0,1,-3.7,4.6,4.6
20051122,0.68,1.032,0.83,0,1.5,-1.2,4.6,6.8
20051123,0.67,1.0291,0.36,0,0.7,-2.4,3.6,5.8
20051124,0.66,1.0186,0.73,0.32,-2.2,-4.9,-0.2,3.5
20051125,0.78,0.9979,0.69,0.1,0.5,-2.1,3.1,3.1
20051126,0.77,0.9974,0.7,0,-1.3,-3.8,3.3,3.1
20051127,0.81,0.9998,0.3,0.01,-1.4,-5.7,2.5,3.8
20051128,0.8,1.0037,0.21,0.8,2.2,1.2,3.8,3
20051129,0.96,1.007,0.19,0.61,1.9,0.5,3.1,3
20051130,0.92,1.0149,0.16,0.02,1.3,0.3,2.2,2.7
20051201,0.83,1.0121,0.55,0,0.7,-1.5,3.1,4.9
20051202,0.8,1.0031,0.31,0.42,-0.1,-2.9,2.7,8.9
20051203,0.81,1.0044,0.34,0,4.7,1,8.8,7.3
20051204,0.6,1.0027,0.19,0.09,9.6,7.4,11.5,5.6
20051205,0.76,1.0035,0.35,0.04,6.2,3.4,8.7,3.1
20051206,0.87,1.0085,0.32,0.27,3.1,0.7,6,3.2
20051207,0.86,1.0186,0.18,0.08,3.3,1.7,5,2.9
20051208,0.92,1.019,0.14,0.87,2.2,0.4,3.2,4.8
20051209,0.93,1.0317,0.12,0,2,-0.3,4,4
20051210,0.81,1.0383,0.49,0,0.5,-1.5,3,4.1
20051211,0.94,1.0371,0.23,0,-3.6,-5.1,-0.7,4.4
20051212,0.9,1.0312,0.47,0,-3.8,-5.3,-1.2,4.5
20051213,0.88,1.0318,0.1,0,-0.8,-4.5,1.5,6.5
20051214,0.74,1.0277,0.17,0,0.9,-1.5,2.6,2.3
20051215,0.8,1.0248,0.52,0,1.3,-3.3,4.6,2.2
20051216,0.76,1.0128,0.06,0.69,5.6,3.9,7.3,5.2
20051217,0.79,1.014,0.25,0.01,1.3,-0.3,4,3.2
20051218,0.75,1.0251,0.32,0,0.2,-0.8,1.4,1.8
20051219,0.78,1.0289,0.25,0.09,-0.2,-2.1,1.5,2.3
20051220,0.87,1.0335,0.21,0,0,-1,0.8,2.2
20051221,0.79,1.035,0.11,0,-0.4,-1.6,0.7,2.8
20051222,0.76,1.0345,0.31,0,0.5,-0.7,1.8,1.1
20051223,0.84,1.0305,0.24,0,1.9,-0.6,4.9,2
20051224,0.92,1.027,0.2,0,0.8,-1.8,2.7,2.3
20051225,0.86,1.0216,0.17,0,2.5,0.6,4,3
20051226,0.85,1.014,0.36,0,1,-2.4,2.9,2.8
20051227,0.82,1.0067,0.21,0.12,-2,-6.2,0,2.5
20051228,0.83,1.0112,0.31,0.03,-5.4,-8,-3.5,2.2
20051229,0.81,1.0187,0.39,0,-4,-7,-1.9,2.2
20051230,0.86,1.0176,0.56,0.79,-6.2,-9.7,-2.4,4.8
20051231,0.9,1.0075,0.24,0.58,3.8,-2.4,9.1,6.3
20060101,0.77,1.0076,0.46,0.02,4.6,2.7,7.8,5.4
20060102,0.93,1.0187,0.07,0,2.9,1.8,3.9,2.3
20060103,0.9,1.0285,0.25,0,2.2,1.3,3.4,0.9
20060104,0.88,1.0258,0.26,0,0.2,-1.6,1.4,3
20060105,0.71,1.0179,0.63,0,0.7,-1.3,2.7,3.4
20060106,0.79,1.0209,0.49,0,-1.8,-3.2,0.2,4
20060107,0.81,1.0263,0.45,0,-2.6,-4.5,-0.4,3.2
20060108,0.8,1.0283,0.57,0,-2.8,-4.3,-0.4,3.2
20060109,0.84,1.0305,0.67,0,-3.6,-6.7,0,1.7
20060110,0.86,1.0332,0.69,0,-4,-7.8,-0.2,2.1
20060111,0.81,1.0332,0.72,0,-3.6,-6,0,3.4
20060112,0.8,1.0333,0.5,0,-2.1,-4.6,1.2,2.1
20060113,0.83,1.0324,0.76,0,-4,-6.7,0,3.2
20060114,0.84,1.0321,0.73,0,-5.2,-6.9,-1.8,3
20060115,0.81,1.0269,0.75,0,-5,-7.8,-0.9,3.7
20060116,0.8,1.0236,0.65,0.1,-3.9,-7.7,-0.7,3.7
20060117,0.87,1.0136,0.13,0.2,2.4,-1.1,6.7,5.8
20060118,0.87,1.015,0.08,0.15,5.2,3.5,6.7,3.4
20060119,0.9,1.0256,0.59,0,2.8,-0.3,5.6,1.3
20060120,0.79,1.0254,0.77,0.03,3.6,-0.9,7.5,3.5
20060121,0.78,1.0267,0.55,0.05,4.4,1.4,7.3,1.9
20060122,0.89,1.0328,0.3,0,1.8,0.1,3.7,3.5
20060123,0.72,1.0356,0.89,0,-2.1,-4.1,0,4.8
20060124,0.71,1.0338,0.84,0,-4.8,-6.4,-2.2,3.6
20060125,0.78,1.0229,0.61,0.1,-2.4,-6.8,2,2.3
20060126,0.9,1.0156,0.26,0.13,-1.6,-3,0.1,5.5
20060127,0.93,1.0202,0.24,0,-5.8,-7.5,-2.9,5
20060128,0.89,1.0219,0.49,0,-6.5,-8.6,-4.6,5.4
20060129,0.87,1.0256,0.56,0,-4.8,-7.8,-1.6,6.1
20060130,0.85,1.0266,0.82,0,-4.4,-8.3,0.3,4
20060131,0.85,1.0259,0.86,0,-3.8,-8.1,1.8,2.2
20060201,0.86,1.025,0.86,0,-3.5,-8.6,1.7,1
20060202,0.93,1.0223,0.58,0,-3.7,-5.6,-0.2,2.6
20060203,0.95,1.0211,0.28,0,-5.6,-7.2,-4.4,5.4
20060204,0.88,1.0261,0.16,0,-6,-7.5,-4.4,4.4
20060205,0.77,1.03,0.8,0,-2.4,-4.7,0.4,2.8
20060206,0.75,1.0293,0.66,0,0.5,-1.7,3.5,1.9
20060207,0.78,1.0262,0.2,0,2.9,-0.3,4.2,2.1
20060208,0.76,1.0144,0.17,0.09,3,1.5,4.7,4.1
20060209,0.8,1.0142,0.44,0.1,1.9,-0.3,4.5,2.4
20060210,0.72,1.0212,0.66,0,0.8,-0.4,2.9,2.1
20060211,0.8,1.027,0.88,0,0.1,-3,2.7,2.6
20060212,0.79,1.0285,0.95,0,-2.3,-5.5,1.1,1.1
20060213,0.73,1.0254,1.02,0,-0.8,-4.8,2.5,2.4
20060214,0.72,1.0225,0.77,0.16,3.6,0.7,7.6,3.2
20060215,0.87,1.0111,0.18,1,4.8,2.2,8.4,8.1
20060216,0.79,0.9967,0.54,0.72,8.3,5.2,11.2,6.5
20060217,0.72,1.001,0.52,0.41,5.5,4,7.7,6
20060218,0.68,1.0028,1,0.18,6.8,3.9,10.4,6.2
20060219,0.76,1.0013,0.44,0.02,5.3,2.2,8,2.6
20060220,0.81,1.0049,0.77,0.38,5.5,2,9.5,3.1
20060221,0.77,1.0111,1,0,4.8,0.7,10.7,3.6
20060222,0.87,1.0189,0.24,0,3.1,1.4,4.3,4.2
20060223,0.9,1.0188,0.13,0.01,0.7,0,2,3
20060224,0.86,1.0125,0.24,0.02,0.6,-0.5,2.4,2.9
20060225,0.86,1.0114,0.34,0.34,0,-1.2,1.1,4.1
20060226,0.91,1.0157,0.21,0.12,-1.6,-2.7,-0.8,7.5
20060227,0.72,1.0177,1.52,0,-2.1,-7.7,2.1,3.8
20060228,0.75,1.0099,0.57,0.03,-0.9,-4.6,2.9,5
20060301,0.69,1.01,1.2,0.06,-0.8,-3.9,1.5,3.1
20060302,0.77,1.0091,0.73,0.67,-2.1,-5.8,3.1,4.6
20060303,0.74,0.9991,0.9,0.63,5.1,-1.1,10.1,5.9
20060304,0.94,0.9992,0.23,5.36,0.2,-1.6,4.8,4.6
20060305,0.84,1.0093,1.24,0.1,-1,-2.4,1.7,2.4
20060306,0.81,1.0188,0.91,0,0,-2.4,2.5,2.4
20060307,0.7,1.0227,1.5,0,0.4,-1.9,3.2,3.8
20060308,0.86,1.0114,0.36,0.67,1.5,-2.1,8.3,7.9
20060309,0.74,1.0062,0.92,0.38,8.1,5.8,10.7,6.2
20060310,0.83,1.0085,0.83,1.03,3.8,0.9,7.9,6
20060311,0.83,1.0107,0.48,0.07,2.4,-0.6,4.3,4.9
20060312,0.71,1.0272,0.99,0.02,-3.1,-4.5,-0.6,4.1
20060313,0.58,1.0286,1.94,0,-2,-5.4,2.1,4.1
20060314,0.6,1.0245,1.92,0,-0.2,-4.9,5.3,3.4
20060315,0.67,1.0195,1.72,0,1.1,-4,5.5,3.9
20060316,0.67,1.0205,0.6,0,1.4,-0.1,3.6,5.4
20060317,0.59,1.0203,1.84,0,2.4,-0.8,6.8,6.2
20060318,0.61,1.0161,1.5,0,2.9,-0.3,7.1,7
20060319,0.61,1.0121,1.97,0,4.4,-0.8,11,4.8
20060320,0.68,1.0099,1.66,0.26,7,-0.8,15.4,3.1
20060321,0.87,1.0065,0.62,0.32,8.3,6,10.5,4.1
20060322,0.94,1.0078,0.4,0.32,4.8,3.1,7.8,4.5
20060323,0.86,1.0098,0.83,0.04,4.6,2,8.6,3.8
20060324,0.81,1.0055,0.93,0.61,7.2,3.7,13.8,6.1
20060325,0.67,1.013,1.03,0.08,12.5,9.1,15.8,5.2
20060326,0.67,1.0152,1.65,0,15.3,10.7,22.2,3.4
20060327,0.66,1.0108,1.27,0.35,15,10.3,22.7,7.1
20060328,0.82,1.0109,0.38,0.93,8.8,4.3,11.8,6
20060329,0.71,1.0152,1.16,0.1,8.5,4.1,13.1,5.1
20060330,0.77,1.0136,0.4,1.12,10.8,5.7,14.4,6.9
20060331,0.62,1.0157,1.48,0,13.3,8.3,17.9,6
20060401,0.7,1.0158,1.35,0.1,11.4,7.2,18.9,5.4
20060402,0.75,1.0167,1.32,0.45,11.3,8.2,16.5,6.2
20060403,0.68,1.021,1.76,0,9.4,5.7,12.9,3.4
20060404,0.61,1.0154,2.19,0.62,8.9,3.4,14.9,6.4
20060405,0.92,1.0103,0.23,2.49,2.1,0.3,6.5,6.8
20060406,0.7,1.0162,1.75,0,3.7,-0.5,8.6,3.8
20060407,0.59,1.0166,2.52,0,5.6,-0.9,11.9,1.9
20060408,0.55,1.0134,2.44,0.09,9.5,1.1,17.8,2.9
20060409,0.86,1.0138,0.39,4.22,6.4,3,9.6,2.8
20060410,0.93,1.0129,0.33,1.57,2.8,0.4,4.6,3.8
20060411,0.71,1.02,1.89,0.02,5,2.3,9,3.4
20060412,0.8,1.0173,0.47,0.18,5.2,3.1,8.2,3.8
20060413,0.82,1.0186,0.44,0.52,7.2,3.6,9.9,4.6
20060414,0.69,1.017,1.74,0,11.3,7.6,15.9,2.5
20060415,0.82,1.0134,0.7,0.1,10.3,4.3,15.4,6.1
20060416,0.74,1.0154,0.97,0.01,11.7,9.2,15.7,3.1
20060417,0.81,1.0147,1.4,0.39,10.7,6.6,15.3,3
20060418,0.67,1.0152,2.18,0,11.8,7.6,16.7,2
20060419,0.64,1.0154,2.39,0,10.9,4.2,17.5,1.2
20060420,0.62,1.0153,2.58,0,12.9,6,19.7,2
20060421,0.55,1.0148,2.63,0,15.2,7.5,23,2.8
20060422,0.58,1.0159,2.17,0.1,15,8.9,22.2,2.8
20060423,0.6,1.0154,2.7,0,15.1,9,21.1,2.8
20060424,0.56,1.0162,2.54,0.07,15.5,7.1,24.3,2.1
20060425,0.84,1.0183,1.35,2,14.2,11.2,19.2,2
20060426,0.86,1.019,1.08,1.18,13,10.9,17.3,2.2
20060427,0.88,1.0179,1.25,0.77,12.8,10.4,16.8,3.6
20060428,0.81,1.0163,0.64,0.17,11,8.8,14.2,4.9
20060429,0.62,1.0158,0.95,0,7.1,1.7,9.9,3
20060430,0.57,1.0141,2.33,0,7,-0.6,13.2,2.4
20060501,0.54,1.0118,1.9,0,11.3,4.9,16.2,3.5
20060502,0.55,1.0145,2.75,0,15.2,8,22.6,3.4
20060503,0.53,1.0163,2.7,0,17.2,9,25.8,2.1
20060504,0.56,1.0154,2.84,0.16,18.5,9.2,25.6,3.6
20060505,0.75,1.0191,1.41,0.8,16.7,13.3,22.5,2
20060506,0.78,1.0184,1.8,0,15.2,11.8,20,3.5
20060507,0.81,1.017,1.63,0.25,14.1,10.1,19.9,2
20060508,0.9,1.0143,0.8,2.68,12.2,8.2,14.7,3.5
20060509,0.87,1.0176,0.75,0.48,8.6,6.9,10.9,3
20060510,0.78,1.0173,1.43,0,10.5,6.7,13.3,1.9
20060511,0.72,1.0164,2.83,0,14,6.7,21.5,2.9
20060512,0.68,1.0178,1.91,0.49,15.4,8.5,22.3,3.5
20060513,0.81,1.0196,2.11,1.88,14.8,11.6,21.2,3.1
20060514,0.7,1.0217,2.46,0,15,10.5,20.8,2.8
20060515,0.69,1.0176,2.32,0,17.2,8.9,24.1,2.8
20060516,0.88,1.0186,0.89,0.39,16.5,14.8,19.9,1.8
20060517,0.72,1.0192,2.14,0,19.1,14.8,23.7,3.6
20060518,0.89,1.0164,0.39,1.62,15.8,10.5,18.5,6.2
20060519,0.63,1.0166,2.42,0,14.7,9.9,19.8,6.5
20060520,0.64,1.0082,1.33,0.06,14.3,10.2,18.6,9.2
20060521,0.63,1.0094,1.83,0.08,15.3,10.8,20.8,5.1
20060522,0.7,1.0077,1.44,0.41,15.1,11.5,21.7,7.8
20060523,0.59,1.0198,2.89,0,13.4,8.7,17.6,3.8
20060524,0.59,1.024,2.83,0,12.7,6.5,18.8,5.2
20060525,0.61,1.0238,1.27,0,13.4,8.6,15.9,5.6
20060526,0.66,1.0243,1.93,0,17.7,13.5,23.3,4.4
20060527,0.76,1.0244,1.68,0,18.6,15.7,22.8,4.2
20060528,0.81,1.0203,0.71,0.81,16.6,14.1,19.3,2.8
20060529,0.91,1.0136,0.46,2.89,11.1,8,14.2,4
20060530,0.79,1.0151,1.7,1.07,8.2,6.3,11.9,3.6
20060531,0.77,1.0199,1.77,0.02,7.9,4.3,12.2,3.4
20060601,0.84,1.0245,0.84,0.89,7.9,4.7,10.3,3.4
20060602,0.88,1.0274,1.5,0.64,7.6,4.2,11.9,3.1
20060603,0.67,1.0268,2.7,0,11.8,3.7,17.7,2.4
20060604,0.67,1.0228,1.86,0,14.2,9.4,20.4,2.4
20060605,0.69,1.0225,1.91,0.01,13.5,9.2,18.5,1.8
20060606,0.64,1.0246,3.02,0,13.9,9.7,18.7,4.2
20060607,0.57,1.0256,2.87,0,14,6.4,20.5,4
20060608,0.54,1.0248,3.15,0,15.7,6.6,22.8,5.2
20060609,0.47,1.0228,3.43,0,17.7,8.5,24,4.6
20060610,0.49,1.021,3.28,0,19.2,10,26.5,2.2
20060611,0.47,1.0218,3.55,0,20.6,11.1,27.4,2.4
20060612,0.52,1.0226,3.39,0,21.4,13.6,28.3,2.1
20060613,0.55,1.0203,3.3,0,22.8,14.3,29.6,2.8
20060614,0.54,1.016,3.29,0,23.8,16.7,30.7,3.5
20060615,0.5,1.0154,2.99,0,23.5,16.8,30.1,3.9
20060616,0.61,1.0162,1.97,0.06,21.1,15.4,27.1,4.9
20060617,0.71,1.0174,2.5,0,20.7,15.6,26.8,3.5
20060618,0.71,1.0159,2.84,2.75,22.1,16.8,31,2.9
20060619,0.86,1.0158,1.34,0.44,19.7,16.5,25.4,3.8
20060620,0.76,1.0158,2.59,0,22.4,17.3,27.5,3.2
20060621,0.74,1.015,2.62,0.01,21.8,18.1,25.7,4.8
20060622,0.72,1.0157,1.38,0,19.2,16.8,22.1,2.1
20060623,0.63,1.0169,2.94,0,18.7,13.9,24,2.4
20060624,0.66,1.0138,2.94,0.06,21.4,12.6,30.4,2.2
20060625,0.76,1.0116,2.24,1.45,21.8,17,31.5,2.5
20060626,0.75,1.0164,2.62,0,20.5,15.7,25.7,3.5
20060627,0.78,1.0175,2.39,1.02,21.1,16.6,26.5,2.5
20060628,0.79,1.0169,2.31,0.22,21.1,17.4,26.5,2
20060629,0.83,1.0186,2.08,0.08,19.8,16.8,25.1,2.6
20060630,0.69,1.0212,3.21,0,21.6,15.2,28.5,1.8
20060701,0.59,1.0201,3.37,0,22.2,15.1,28.8,3.5
20060702,0.5,1.0166,3.35,0,23,16.3,29,2.5
20060703,0.59,1.014,3.26,0,23.3,16.1,29.3,3
20060704,0.6,1.0141,3.12,0,25,17.8,32.1,2.8
20060705,0.71,1.0163,2.33,1.49,22.4,16.7,31.4,2.9
20060706,0.77,1.0183,2.15,0.01,19.6,15.5,23.8,2.9
20060707,0.76,1.0186,1.53,0,19.7,16.8,22.5,2.9
20060708,0.73,1.0189,1.98,0,20.9,17.2,25.9,2.4
20060709,0.68,1.0189,2.49,0,22.1,15.9,28.3,3.2
20060710,0.62,1.0227,3.26,0,23.5,17.7,28.8,1.9
20060711,0.63,1.0207,3.22,0,24.9,16.7,32,3.1
20060712,0.69,1.0198,3.05,0,24.6,18.7,31.4,3.2
20060713,0.71,1.0184,2.66,0,24.4,19.4,31,3.6
20060714,0.78,1.0207,2.4,0.02,22.5,18.8,29.4,5.5
20060715,0.63,1.0224,3.1,0,22.6,17,29,5.4
20060716,0.52,1.0221,3.32,0,22.6,14.7,29.9,3.6
20060717,0.54,1.021,3.28,0,22.6,14.1,30,3.6
20060718,0.51,1.0192,3.19,0,23.8,13.6,32.3,2.8
20060719,0.48,1.0182,3.04,0,25.8,17.5,34.1,3.1
20060720,0.49,1.0185,2.68,0,26.7,19.3,32.8,2.2
20060721,0.54,1.0181,2.94,0,26.9,20.1,34.2,2.2
20060722,0.61,1.0161,2.48,0,25.4,19.8,31.1,4.2
20060723,0.6,1.0176,2.96,0,25.3,18.8,31.1,3.1
20060724,0.61,1.0165,3.06,0,25.7,18.2,33.4,2.6
20060725,0.5,1.0145,3.05,0,27.4,19.1,35.2,2.6
20060726,0.56,1.0154,1.89,0.06,25.6,20.4,31.2,3.1
20060727,0.53,1.014,2.99,0.01,26.2,18.8,33.7,3.4
20060728,0.75,1.0118,1.63,0.88,21.7,19.1,27.8,3
20060729,0.76,1.0111,2.17,0,21.7,17.8,28.1,2.8
20060730,0.63,1.0131,2.74,0,23.9,17.1,30.3,3.9
20060731,0.8,1.0144,1.53,0.24,21.4,18.5,27.3,3.4
20060801,0.73,1.0126,1.43,0.03,19.3,17,23.5,5.2
20060802,0.62,1.0115,1.77,0.2,18.7,15.8,23.5,2.8
20060803,0.85,1.0077,1.12,1.71,15.2,13.3,18.7,4.5
20060804,0.8,1.0119,1.72,0.83,16.4,13.5,22.1,3.5
20060805,0.9,1.0162,1,0.87,15.9,14.1,18.2,3.1
20060806,0.91,1.0186,0.71,1.5,15.8,14.4,18.1,2.2
20060807,0.71,1.0169,2.35,0,18.7,14.7,24.2,3
20060808,0.76,1.015,2.35,0,17.9,13,24.9,4.2
20060809,0.67,1.0146,2.49,0,17.8,14.5,22.6,2.5
20060810,0.78,1.0147,1.54,0.28,15.5,12.1,20.1,3.4
20060811,0.84,1.0133,0.78,0.7,13.6,11.7,17.9,3.8
20060812,0.8,1.0096,1.71,0.63,13.5,11.1,18.3,4.2
20060813,0.85,1.0082,0.59,0.92,13.1,11.5,15.2,5
20060814,0.8,1.0115,0.72,0.17,14,12.2,17.6,2.6
20060815,0.66,1.0116,2.4,0.61,17.8,14.1,22.7,2
20060816,0.8,1.0068,1.9,0.61,17.9,14.5,23.1,3
20060817,0.82,1.0055,1.27,0.73,19,15.7,24.8,3.4
20060818,0.65,1.0105,2.82,0,19.4,14.2,24.2,5.2
20060819,0.7,1.0158,2.19,0.16,19.4,15.2,25.9,4
20060820,0.74,1.0217,1.83,0.03,17.9,14.3,22.9,5
20060821,0.68,1.0214,2.08,0,18,14.6,22.6,4.6
20060822,0.71,1.019,1.78,0.07,17.6,13.9,21.6,1.8
20060823,0.71,1.0154,2.6,0,17.8,11.8,23.8,2.2
20060824,0.74,1.0121,1.32,0.16,16.4,12.8,21.7,5.1
20060825,0.66,1.0117,1.98,0,15.9,11.4,20.6,2.4
20060826,0.82,1.012,1.51,1.59,14.9,10.1,21.4,4.8
20060827,0.86,1.0158,1.27,0.31,15.7,14,20,2.4
20060828,0.86,1.0127,0.46,0.86,14.4,13,17.5,4.1
20060829,0.87,1.0131,0.59,0.83,11.8,10.3,15.2,3
20060830,0.78,1.0213,1.59,0.03,12.9,9.9,17.3,2.4
20060831,0.69,1.0256,2.55,0,14.3,8.8,20.6,1.9
20060901,0.69,1.0196,2.46,0,16.8,9.3,24.5,2.2
20060902,0.75,1.0166,1.51,0.11,18.6,14,25,4.6
20060903,0.77,1.0202,1.39,0,21.3,16.7,26.2,5.2
20060904,0.72,1.0252,1.68,0,22.9,20.6,26.9,2.2
20060905,0.75,1.0236,2.32,0,21.7,16.8,27.2,3.5
20060906,0.82,1.0178,1.37,0,20,15.1,25.5,2.8
20060907,0.78,1.015,2,0,21.6,15.8,28.4,5.5
20060908,0.65,1.0241,1.92,0,16.8,11.1,22.1,6.5
20060909,0.66,1.0233,2.28,0,16.6,8.3,23.5,3.5
20060910,0.7,1.0219,1.56,2.42,19.8,14.4,25.7,1.4
20060911,0.79,1.0204,1.65,0,20.4,15.8,26.5,2.8
20060912,0.79,1.0185,1.23,0.4,18.8,16.3,25.4,2.4
20060913,0.72,1.0145,2.08,0,19.9,14.2,27.2,3.2
20060914,0.79,1.0073,0.88,0.12,18.3,15,21.9,2.4
20060915,0.92,1.003,0.5,0.17,16.6,15,18.4,4.5
20060916,0.85,1.0092,1.09,0,16.9,13.5,20.9,3.1
20060917,0.92,1.0103,0.17,5.78,16.4,15.5,17.3,2.9
20060918,0.89,1.0145,0.67,0.9,15.8,14.3,18.2,3.2
20060919,0.8,1.0175,1.66,0,17.2,14.5,21,2.4
20060920,0.8,1.0177,1.93,0,16.9,12.4,23.1,3
20060921,0.76,1.0145,2.01,0,18.4,12.9,25.7,4.5
20060922,0.79,1.0128,1.81,0,18.8,12.3,26.6,4
20060923,0.82,1.0114,1.54,0.04,19.2,14.9,25,3
20060924,0.84,1.0096,1.11,0.97,18.4,15.6,23.2,3.6
20060925,0.94,1.0114,0.19,2.66,14.5,13.2,16.5,2
20060926,0.9,1.0174,0.76,0.13,14.5,13.3,17.2,2.1
20060927,0.87,1.0165,1.24,0,14.9,12.3,19.1,1.8
20060928,0.85,1.0131,1.08,0,14.9,12.3,18.4,2
20060929,0.81,1.0125,1.59,0.29,16.5,12,21.9,3.4
20060930,0.86,1.0135,1.05,3.78,17.3,14.8,21.8,3.1
20061001,0.94,1.0151,0.31,1.49,16.2,15.4,17.2,5.1
20061002,0.87,1.0126,1.02,0.07,17.2,13.6,21,2.6
20061003,0.88,1.0047,0.14,1.45,14.7,11.3,18.5,3.1
20061004,0.8,1.0149,0.83,0.01,11.9,9,14.3,1.6
20061005,0.75,1.0219,1.37,0,12.2,8.9,16.6,3.9
20061006,0.79,1.0185,1.05,0.58,13.3,8.9,18.4,5.5
20061007,0.81,1.0191,1.03,0.01,12.8,8.5,16.7,2
20061008,0.8,1.0225,1.58,0,11.4,6.5,17.8,2.6
20061009,0.8,1.0215,1.44,0,13.4,8.7,20,2.1
20061010,0.84,1.0201,1.23,0,14,9.9,20.2,3
20061011,0.85,1.0153,1.17,0,14.3,8.8,19,3.1
20061012,0.81,1.0213,1.4,0,15.4,11,20.9,3.4
20061013,0.89,1.0263,0.96,0,15,13.2,17.5,3.2
20061014,0.93,1.0246,0.26,0,13.2,11.8,14.6,4
20061015,0.87,1.0242,0.88,0,12.5,9.6,16.4,4.9
20061016,0.87,1.0224,0.78,0,9.8,6.7,13.9,3.5
20061017,0.83,1.0176,1.37,0,11.2,4.5,19.2,2.8
20061018,0.85,1.0106,0.88,0.06,11.9,8,16.1,4.2
20061019,0.9,1.0039,0.55,0.16,13.3,11.3,17,4.9
20061020,0.8,1.0028,0.99,0.29,14.9,10.9,21.2,4.5
20061021,0.9,1.0073,0.64,0.2,14.4,13.1,17.1,4.4
20061022,0.79,1.0073,1.18,0.24,15.5,12.2,20.3,5.9
20061023,0.91,1.0028,0.22,1.31,14.4,13.5,18.5,7
20061024,0.66,1.0075,1.08,0.04,15,9.2,18.9,6
20061025,0.72,1.0121,0.73,0,12.8,8.1,16.6,5
20061026,0.73,1.0125,1.2,0,15.5,10.6,21.8,3.1
20061027,0.86,1.0244,0.5,0,14.6,11.6,19,1.2
20061028,0.82,1.0277,0.72,0,14.8,11.7,19.3,1.6
20061029,0.85,1.0231,0.23,0.41,14.8,11.9,16.6,1.8
20061030,0.85,1.0211,1.08,0,11.3,7.2,16.3,2.9
20061031,0.79,1.0135,0.64,0,11.9,5.9,16.5,2.2
20061101,0.71,1.0208,0.5,0.09,8.4,2.6,12.6,4.4
20061102,0.69,1.0306,1.08,0,2.7,0,7.5,4
20061103,0.75,1.0319,0.89,0,2.4,-1,7,4.2
20061104,0.77,1.0346,1,0,3.4,-1,9.1,4.6
20061105,0.82,1.0332,0.91,0,3.4,-0.9,9.6,3
20061106,0.82,1.0307,0.97,0,3.9,-0.9,10.1,3.8
20061107,0.78,1.0255,0.96,0,6.1,-0.6,12.5,2.2
20061108,0.82,1.0274,0.47,0.03,7.3,3,12,1.9
20061109,0.83,1.0298,0.32,0,10.8,7.8,13.7,2.8
20061110,0.73,1.0338,0.92,0,6.3,2.1,10.6,2.2
20061111,0.86,1.0253,0.22,0.09,6,0.8,11.3,3
20061112,0.81,1.0216,0.45,0.15,8.7,6.5,11.4,3.2
20061113,0.74,1.0198,0.23,0,9.3,5.7,12.4,4.4
20061114,0.86,1.0182,0.32,0,12,9.8,14.7,3.6
20061115,0.85,1.0162,0.84,0,11.4,7.9,15.7,4
20061116,0.83,1.011,0.76,0.01,10.1,6.4,14.4,5.5
20061117,0.84,1.0125,0.41,0.75,11.7,10.2,13.9,4.6
20061118,0.82,1.0186,0.81,0.01,10.8,6.8,14.8,2
20061119,0.85,1.0213,0.28,0.31,8,5.6,12,3.6
20061120,0.76,1.0198,0.74,0.03,7,5.6,10,5.9
20061121,0.84,1.0041,0.22,0.85,7.9,4.7,11.4,4.9
20061122,0.77,1.0061,0.58,0,5.2,3,8.3,4.1
20061123,0.71,1.002,0.34,0.11,9.7,3.8,16,6.2
20061124,0.78,1.005,0.45,0,12,9.9,14.7,5.5
20061125,0.72,1.0086,0.52,0,12.5,9.3,16.4,5.6
20061126,0.86,1.0211,0.57,0,10.7,7.1,15.1,3.1
20061127,0.88,1.0243,0.64,0,8.6,6.2,13.4,3.9
20061128,0.88,1.0234,0.7,0.24,6.6,3.6,10,3.4
20061129,0.94,1.0311,0.15,0.79,8.2,6.1,10.5,1
20061130,0.95,1.033,0.12,0.01,6.7,3.2,8.2,3.1
20061201,0.87,1.0302,0.67,0,5.9,3.8,9.6,3.2
20061202,0.86,1.0235,0.51,0.11,5.2,2.8,7.3,3.1
20061203,0.67,1.0144,0.62,0.14,11.1,5.7,16.9,6.6
20061204,0.71,1.0127,0.29,0.13,11.6,8.7,14.3,7
20061205,0.71,1.0108,0.49,0.31,13.7,11.7,18.1,6.1
20061206,0.86,1.0121,0.11,0.75,8.6,6.4,13.9,4.8
20061207,0.81,1.0121,0.59,0.04,6.5,2.3,11.1,7.2
20061208,0.84,1.0016,0.19,2.04,7.7,5.6,10.8,7.9
20061209,0.88,1.0132,0.14,0.11,5.4,4.4,6.6,2.4
20061210,0.84,1.0306,0.24,0,3.7,0.4,6,2.5
20061211,0.86,1.0306,0.29,0,2.1,-1,4.4,6.1
20061212,0.78,1.0278,0.31,0,5.1,3.3,7.3,1.9
20061213,0.8,1.0327,0.64,0,4.2,0.4,8.1,2
20061214,0.81,1.0331,0.65,0,2.5,-1,7.7,2.1
20061215,0.89,1.032,0.62,0,1.2,-0.7,4.8,1.6
20061216,0.85,1.0276,0.45,0.31,2.9,-0.6,6.1,3.4
20061217,0.91,1.0283,0.17,0.15,4.9,0.8,6.9,1.4
20061218,0.94,1.0285,0.28,0,0.7,-1.1,2.6,1.9
20061219,0.6,1.0304,0.59,0,2,-1.2,5.7,5.9
20061220,0.66,1.0355,0.61,0,0.4,-2.9,3.6,5.4
20061221,0.86,1.0375,0.57,0,-0.8,-4.3,3.4,5
20061222,0.81,1.0381,0.48,0,0.1,-3.2,3.3,4.4
20061223,0.89,1.0384,0.41,0,-1.1,-4.6,2.1,2.9
20061224,0.78,1.0359,0.48,0,0.7,-0.5,2,1.8
20061225,0.9,1.0346,0.11,0,0,-0.9,0.8,2.6
20061226,0.82,1.0347,0.44,0,0.4,-1.2,1.6,1.4
20061227,0.82,1.0342,0.63,0,-0.6,-2.6,2.7,1.4
20061228,0.81,1.032,0.6,0,-0.6,-3.5,4.1,1.1
20061229,0.82,1.0302,0.62,0,-0.2,-2.7,3.6,3.2
20061230,0.77,1.0293,0.5,0.03,1.7,-1.6,4.5,7
20061231,0.72,1.0322,0.6,0.38,10.3,4.3,14.8,6.3
20070101,0.81,1.0238,0.13,1.47,9.4,3.9,14.5,5.9
20070102,0.82,1.0261,0.33,0.15,4.3,2.7,6,5.1
20070103,0.76,1.0326,0.43,0,5.5,4.2,7.8,3.6
20070104,0.82,1.0214,0.15,0.2,5.8,3.2,8.6,4.9
20070105,0.72,1.0268,0.16,0,7.3,5.2,8.2,4.2
20070106,0.75,1.0238,0.22,0.07,8.5,6.3,12.5,5.2
20070107,0.8,1.0224,0.38,0.01,9.1,5.9,12,4.5
20070108,0.76,1.0153,0.45,0.09,8.8,5,12.8,6.4
20070109,0.79,1.0207,0.13,0,11.3,8.2,14,6
20070110,0.77,1.0227,0.6,0.23,10.2,6.7,14.1,3.1
20070111,0.66,1.0253,0.59,0.09,10.7,6.2,12.7,7
20070112,0.73,1.0305,0.29,0,9,6.9,11.5,4.1
20070113,0.8,1.0283,0.42,0,8.9,5.9,11.7,3.9
20070114,0.84,1.032,0.37,0,8.1,3.9,11.2,2.2
20070115,0.87,1.0298,0.62,0,4.3,2.2,7.3,1.2
20070116,0.85,1.0254,0.41,0,5.4,1.4,8.7,3.8
20070117,0.76,1.023,0.32,0.11,9.6,6.9,12.8,7.9
20070118,0.6,1.0147,0.1,0.01,13.7,10.6,15.2,10.8
20070119,0.71,1.022,0.36,0,13.6,10.9,14.9,6.2
20070120,0.67,1.0229,0.21,0.09,12.3,10.4,13.6,6.5
20070121,0.68,1.0205,0.81,0.01,7.9,4.1,12.2,3.8
20070122,0.8,1.0158,0.3,0.81,4,1.6,5.8,3.2
20070123,0.87,1.0043,0.05,0.35,-0.3,-3.2,2.8,8.5
20070124,0.9,1.0074,0.23,0.93,-4.2,-6,-3.3,2.8
20070125,0.86,1.0186,0.49,0,-5.2,-8.5,-2.4,6.1
20070126,0.83,1.0261,0.77,0.04,-4.7,-6.5,-2.7,2
20070127,0.84,1.0325,0.27,0.07,-0.9,-4.1,1.4,1.6
20070128,0.79,1.0334,0.92,0,1.9,-1.6,4.7,1.5
20070129,0.76,1.0275,0.89,0,3.3,-0.8,7.5,2.2
20070130,0.84,1.0259,0.91,0,1.6,-2.4,7.2,4.1
20070131,0.86,1.0262,0.63,0,1,-2.5,4.2,0.9
20070201,0.81,1.0297,0.57,0,3.4,1.1,6.5,1.2
20070202,0.81,1.0319,0.95,0,3.7,-0.6,8.8,2.8
20070203,0.75,1.0335,0.71,0,5.1,1.1,8.9,6.9
20070204,0.73,1.0297,1.06,0,3.5,-1.7,9.3,4.8
20070205,0.76,1.0189,0.98,0.56,4.7,-1,10.7,2.1
20070206,0.89,1.0079,0.22,0.16,3.2,2,5.5,1.9
20070207,0.88,1.0013,0.36,0.08,4.2,1.8,6.4,2.8
20070208,0.76,0.9999,0.36,0.71,6.3,3.3,9.5,5.6
20070209,0.74,1.007,1.08,0,5,1.1,10.3,4.4
20070210,0.87,1.0089,0.26,0.15,4.8,2.6,7.4,5.8
20070211,0.73,1.0078,0.6,1.04,8.1,4.5,12.2,8.4
20070212,0.74,1.0025,0.19,0.56,8.5,6.9,11.7,9.6
20070213,0.7,1.0134,0.52,0.04,6.8,2.5,9.4,4.9
20070214,0.85,1.0089,0.26,0.93,4.6,1.9,8,6
20070215,0.76,1.0226,0.98,0,7.2,1.7,10.8,4.1
20070216,0.57,1.0208,1.28,0,7.5,1.8,13.1,3.8
20070217,0.67,1.0164,0.95,0,5.9,2.9,9.5,2.2
20070218,0.69,1.0152,1.28,0,6.7,0.2,13.5,1.5
20070219,0.81,1.0146,1.14,0,6.4,2.1,11.7,2.4
20070220,0.84,1.0126,1.27,0,6,1.5,13.4,2.4
20070221,0.7,1.0147,1.24,0,7.6,2.1,14.7,3.9
20070222,0.68,1.013,1.26,0,9.4,4.5,15.2,4
20070223,0.66,1.0111,1.14,0,9.5,4.8,15.1,5.8
20070224,0.7,1.0081,0.55,0.27,8.6,5.6,13.3,7.1
20070225,0.69,1.0054,0.46,1.06,8.2,4.5,10.5,6.5
20070226,0.8,1.0133,0.37,0.27,6.7,5.6,8.4,5
20070227,0.72,1.019,0.7,0.32,6.8,5,10.8,5.8
20070228,0.64,1.0088,0.95,0.02,11.4,9.5,13,8.5
20070301,0.69,1.0041,0.46,1.18,9.3,5.8,12.1,7
20070302,0.8,1.0104,1.08,0.86,7.2,5.2,10,4.8
20070303,0.69,1.0116,1.25,0.2,11,6.9,13.6,4.9
20070304,0.64,1.0189,1.59,0,9.6,3.6,15,4.8
20070305,0.67,1.0216,0.7,0,8.7,3.7,12.2,6.1
20070306,0.69,1.0158,1.2,0.07,8.8,2.6,15.2,7.1
20070307,0.72,1.0069,0.79,0.01,9.4,7.7,12.1,4
20070308,0.68,1.0204,1.42,0,8.4,4.2,12.8,3
20070309,0.71,1.029,1.26,0.56,6.6,1.1,11.7,3.9
20070310,0.67,1.0369,1.54,0.01,6.1,1.8,10.4,1.9
20070311,0.59,1.0334,1.86,0,6.2,0,12.9,1.6
20070312,0.59,1.0271,1.87,0,7.6,1.2,15.2,1.2
20070313,0.62,1.0283,1.85,0,8.9,2.2,17.1,2
20070314,0.72,1.0314,1.73,0,8.7,2.4,15.4,3.6
20070315,0.76,1.0278,1.69,0,8.8,2.5,16.2,2.1
20070316,0.72,1.0257,1.7,0,9.4,4,16.2,2.2
20070317,0.67,1.0263,0.87,0,8.3,5,11.6,3.2
20070318,0.72,1.0125,0.75,0.81,8.4,3.4,12.2,6.5
20070319,0.76,0.9962,1.04,0.18,3.4,1,8,6.2
20070320,0.76,1.0003,0.92,0.39,2,-0.2,4.7,5.9
20070321,0.82,1.0081,1.48,0.27,2.3,0.3,7.4,4.6
20070322,0.85,1.0127,0.79,0.95,1.7,-0.9,4.3,3.2
20070323,0.87,1.0094,0.49,0.12,1.7,0.6,2.8,3.1
20070324,0.87,1.0099,0.46,0.28,2.5,1.1,4.4,4.6
20070325,0.81,1.0148,0.93,0,4.3,2,8.1,3.4
20070326,0.73,1.0164,2.17,0,7.1,-0.4,14.4,2.5
20070327,0.68,1.0159,1.93,0,8.3,1.6,14.5,2.6
20070328,0.67,1.0155,2,0,8.8,2.7,16.1,2.2
20070329,0.7,1.0148,1.63,0,8.5,3.3,14.7,3
20070330,0.74,1.0115,1.46,0.37,7.1,3.1,12.9,2.8
20070331,0.84,1.0168,0.91,0.02,4.8,1.7,8,3.9
20070401,0.83,1.0229,1.82,0,7.9,5,12.8,6
20070402,0.72,1.0221,2.12,0,10.6,4.8,18,4.6
20070403,0.67,1.0129,1.7,0.1,9.9,5.1,17,5.6
20070404,0.69,1.0129,0.22,0,6.9,4.2,9.2,6.6
20070405,0.62,1.0187,2.3,0,8.3,2,14.9,5.4
20070406,0.62,1.0206,2.44,0,10.5,1.6,18.5,3.5
20070407,0.58,1.0201,2.38,0,13,6.4,20.9,4.8
20070408,0.58,1.022,2.32,0,10.8,6.2,17.1,4.1
20070409,0.58,1.0197,2.5,0,12.4,5,20,2.2
20070410,0.55,1.0208,2.52,0,13.1,6.3,20.5,2.8
20070411,0.62,1.0209,2.46,0,13.5,5.5,21.4,3.1
20070412,0.61,1.0187,2.43,0,15.2,6.6,23.6,3
20070413,0.57,1.0163,2.23,0,16.6,8.4,25.1,2.5
20070414,0.58,1.0179,2.52,0,17.7,9.1,26.2,2.2
20070415,0.53,1.0193,2.59,0,18.6,10.3,26.2,2.4
20070416,0.51,1.0184,2.63,0,17.1,8,25.1,2.8
20070417,0.48,1.0171,2.71,0,17.2,8.6,25,3
20070418,0.53,1.0209,1.97,0,12.4,7,16.3,3.8
20070419,0.57,1.0185,2.73,0,11.6,3.1,19.6,3.8
20070420,0.55,1.018,2.75,0,13.3,5.2,21.5,4.4
20070421,0.56,1.019,2.79,0,13.8,4.8,23.1,3.4
20070422,0.54,1.0208,2.72,0,16,7.5,24.2,2.1
20070423,0.51,1.0214,2.73,0,18.1,9.9,26.2,2.5
20070424,0.52,1.0182,2.62,0,18.7,11.7,26.3,2.1
20070425,0.51,1.0136,2.76,0,19.8,10.7,27.3,4
20070426,0.47,1.0147,2.67,0,19.1,12.8,26.4,2.8
20070427,0.68,1.019,2.2,0.1,16.9,10.7,25.1,1.8
20070428,0.67,1.0196,2.47,0,18.1,12,24.7,2.6
20070429,0.63,1.0145,2.62,0,18.2,12,25.8,2.8
20070430,0.6,1.0099,2.5,0,16.8,11.9,23,2.1
20070501,0.44,1.0097,2.88,0,16,9,22.6,1.8
20070502,0.57,1.0098,2.25,0.02,13.2,8.3,19.1,2.4
20070503,0.63,1.0105,2.6,0,14.3,9.3,20.1,3
20070504,0.71,1.0052,1.55,0.67,13.7,7.7,19.3,4.5
20070505,0.9,1.0078,0.36,0.79,12.7,11.9,14.9,4.4
20070506,0.61,1.0158,2.63,0,15.8,11.1,22,3
20070507,0.66,1.0194,1.2,0.05,15,11.5,18.5,6.2
20070508,0.74,1.0183,1.5,0.73,15.9,13.1,19.3,7
20070509,0.7,1.0205,1.38,0,15.5,12.7,19,5.8
20070510,0.5,1.0156,2.61,0,18.5,10.3,25.4,4.9
20070511,0.58,1.012,1.48,0.1,17.1,14.3,20.1,6.2
20070512,0.56,1.0138,2.35,0,17.3,12.5,21.6,4.8
20070513,0.51,1.0081,2.49,0,20.4,11.3,27.9,5.8
20070514,0.81,1.0118,0.57,2.3,13.2,9.4,17.3,5.6
20070515,0.77,1.0186,1.34,0.01,10.5,7.9,13.6,4.8
20070516,0.8,1.0159,1.51,1.83,11,6.6,16,4.9
20070517,0.9,1.0132,0.77,0.76,12.5,9.3,15.7,5
20070518,0.7,1.0183,3.07,0,14.6,9.4,20.3,2.5
20070519,0.65,1.0139,3.26,0,17.2,8.7,25,2
20070520,0.67,1.0122,2.81,0,19.2,11.5,26.2,3.5
20070521,0.65,1.0149,2.57,0.04,20.8,14.1,29.6,4.1
20070522,0.67,1.0176,2.91,0,21.6,16.5,27.4,2.6
20070523,0.7,1.0164,2.99,0,21,15.1,26.7,4.1
20070524,0.72,1.0132,2.78,0.07,20.7,14.9,28.9,3.4
20070525,0.61,1.0075,2.58,0,23.4,16.2,29.7,1.9
20070526,0.57,1.0023,2.02,0,21.7,16.1,27,3.1
20070527,0.74,1.0003,1.84,3.07,15.8,11.9,19.1,5.6
20070528,0.86,1.0013,1.03,2.71,10.1,8.3,12.4,6
20070529,0.81,1.0106,0.74,0.21,9.1,6.9,11.3,3.1
20070530,0.62,1.0141,3.25,0.06,12.4,4.8,18.8,4.6
20070531,0.74,1.0121,2.3,2.6,14.5,9.8,21.1,2.9
20070601,0.9,1.0158,1.05,0.84,12.6,11.3,14.9,2.8
20070602,0.89,1.02,0.64,0.54,14.2,12,18.1,2.5
20070603,0.84,1.0192,1.78,0,16.3,12.3,21,2.4
20070604,0.77,1.0172,2.59,0.04,18.4,13.6,25.5,3.6
20070605,0.75,1.0144,2.67,0,19.1,12.8,25.7,3.8
20070606,0.77,1.0114,1.93,0,19.1,14.3,24.8,3.9
20070607,0.76,1.0113,2.34,0.01,20.7,16.5,26.6,2.8
20070608,0.78,1.0148,2.41,4.56,20.9,16.1,27.6,1.6
20070609,0.79,1.0153,2.59,0.23,21.3,17.4,26.4,2.4
20070610,0.77,1.0138,2.25,0.34,20.6,16.4,26.8,2.5
20070611,0.84,1.0135,1.51,0.57,18.8,15.9,23.9,3.2
20070612,0.72,1.0115,2.77,0,20.8,16.9,25.4,2.5
20070613,0.71,1.0085,2.77,0,21.3,16.7,25.8,2.8
20070614,0.73,1.006,2.5,1.83,21.2,16.1,29,2.5
20070615,0.92,1.0083,0.57,2.02,16.4,13.8,18.5,6.1
20070616,0.68,1.0108,2.59,0.18,17.9,13.8,23.6,5.4
20070617,0.72,1.009,2.64,1.75,19.6,13.3,26.7,3.1
20070618,0.8,1.0124,2.66,0.9,20.1,15.9,25,3.1
20070619,0.67,1.0117,3.3,0.3,23.3,16.7,29.9,4.5
20070620,0.74,1.0122,2.63,0.81,22.8,19,28.4,2.8
20070621,0.82,1.0138,1.9,1.56,18.3,15.4,21.2,4.8
20070622,0.72,1.0132,2.15,0.48,17.3,14,21.1,6.9
20070623,0.66,1.0157,1.88,0.01,17,14.2,21.7,4
20070624,0.61,1.0132,3.07,0,20.2,12.8,26,4.6
20070625,0.76,1.0089,0.86,1,17,12.7,23.4,7.9
20070626,0.7,1.0095,1.86,0.19,14.4,12.5,18.7,4.4
20070627,0.76,1.0128,0.99,0.14,13,11.3,15.8,4.4
20070628,0.65,1.0166,1.49,0.01,14.5,11.9,17.2,3.9
20070629,0.64,1.0175,2.5,0,16.8,10.8,22.5,5.5
20070630,0.65,1.0173,2.6,0,18.9,14.7,23.2,2.5
20070701,0.69,1.0114,1.93,0.39,20.1,14.6,25.8,5.1
20070702,0.84,1.0121,1.07,0.73,16.3,14.2,19.7,5.8
20070703,0.83,1.0098,1.17,0.78,15.1,13.4,18.7,6.6
20070704,0.78,1.0123,1.76,0.92,13.6,10.5,17.2,5.8
20070705,0.7,1.0185,1.98,0,14.7,11.7,18.3,5.5
20070706,0.7,1.0165,1.51,0,17.4,13.1,22.5,4.4
20070707,0.68,1.0178,2.61,0,19.3,13.9,25.4,1.8
20070708,0.87,1.0167,1.45,1.62,17.7,13.2,22,2.5
20070709,0.78,1.0152,1.65,0.55,15.5,11.2,20.2,3.9
20070710,0.78,1.0163,1.72,0.16,12.7,10.6,17.4,4.1
20070711,0.82,1.0175,1.17,0.49,13.9,11.4,16.9,2.9
20070712,0.69,1.02,2.55,0,17.2,13.1,22.4,3.2
20070713,0.62,1.0177,3.26,0,21.1,14.1,28.1,3.2
20070714,0.62,1.017,3.18,0,23.4,16.2,30.8,2.4
20070715,0.59,1.0144,3.18,0,25.4,17.2,33.5,4.5
20070716,0.6,1.013,3.05,0.33,25.3,18.7,33.6,2.6
20070717,0.62,1.0177,2.27,0.05,22.6,18.6,26.4,3.9
20070718,0.73,1.0181,2.19,0.07,22.2,18.4,27.7,2.1
20070719,0.8,1.0151,1.92,1.52,21.2,17.8,26.1,1.9
20070720,0.74,1.0147,2.04,0.32,21.1,17,25.6,4.5
20070721,0.84,1.0163,0.73,0.34,17.5,16,20.1,3.2
20070722,0.7,1.0144,2.47,0,18.2,15,23,3.4
20070723,0.77,1.005,1.61,2.16,17.9,13.3,25.1,3.8
20070724,0.78,1.0105,1.75,0.15,16.7,13.4,21.8,3.5
20070725,0.68,1.0171,3.04,0,18.5,12.9,24.5,3.9
20070726,0.65,1.0144,3.04,0,20.8,13.3,27.8,5.6
20070727,0.59,1.0173,3.15,0,22.2,18.7,26.1,5.5
20070728,0.64,1.0186,2.37,0,21.2,16.1,25.4,4.2
20070729,0.75,1.0166,1.81,1.32,19.7,15.2,25,5.1
20070730,0.65,1.0195,2.95,0,15.5,10.6,19.9,2.5
20070731,0.65,1.0193,3.13,0,14.8,8.3,21,4.4
20070801,0.62,1.0151,3.14,0.32,18.2,8.2,25.5,4.8
20070802,0.72,1.0149,1.22,0.19,19.7,16.5,23.5,3.4
20070803,0.72,1.0225,2.07,0.01,17.9,14.6,23.2,1.4
20070804,0.71,1.0233,3,0,19.3,12.7,25.7,2.9
20070805,0.6,1.0155,3.09,0,22,13.9,29.1,2.2
20070806,0.66,1.0109,2.79,2.42,22.8,16.5,29.7,2.9
20070807,0.89,1.0131,0.9,2.34,18.1,15.6,20.6,2.1
20070808,0.89,1.0136,0.59,7.57,14.9,13.8,17,3.4
20070809,0.88,1.0141,0.62,0.63,13.1,12.5,14.2,3
20070810,0.86,1.0149,0.88,0.24,14.6,12.2,16.7,2.9
20070811,0.88,1.014,1.12,0,17.2,14.8,21.2,1.8
20070812,0.8,1.0112,2.56,0,19.4,14.5,25.7,2.5
20070813,0.76,1.013,2.4,0.03,20.2,15.4,25.4,1.8
20070814,0.77,1.0126,2.32,0,21.1,16.3,26.1,5.2
20070815,0.6,1.0082,2.51,0.01,25.3,19.3,33.1,5.2
20070816,0.71,1.0149,1.24,0.09,18.5,15.5,24.2,4
20070817,0.69,1.0203,1.8,0,16.9,12.6,20.9,3
20070818,0.71,1.017,2.58,0,17.3,13.5,22.8,3.4
20070819,0.78,1.0121,1.92,1.47,16.9,12.9,23,4.8
20070820,0.8,1.0092,1.07,0.28,15.3,13.8,17.9,5.9
20070821,0.9,1.0073,0.64,0.05,14.3,12.8,16.3,3
20070822,0.74,1.0102,2.12,0.13,16.3,11.3,21.7,3.9
20070823,0.73,1.0145,2.37,0,18.5,14.3,24.4,3.1
20070824,0.7,1.0226,2.56,0,19.7,14.2,26.3,1.1
20070825,0.7,1.027,2.61,0,20.6,14.5,27.4,3.1
20070826,0.72,1.0257,2.29,0,20.8,14.7,28,3.6
20070827,0.74,1.0203,2.17,0,21,16.7,27,5.6
20070828,0.85,1.0169,1.02,0.97,16.6,13.7,20.1,6.1
20070829,0.94,1.0137,0.22,2.69,14.4,13.5,15.4,5.6
20070830,0.84,1.0174,1.14,0.22,14.2,11,19.4,3.5
20070831,0.74,1.021,1.86,0,15.5,9.9,19.8,2.2
20070901,0.78,1.0223,1.5,0,15.8,12.3,19.8,2.1
20070902,0.73,1.0202,2.47,0,16.4,11.4,22.5,2.1
20070903,0.82,1.0171,0.74,0.55,14.9,12.3,18.1,2.8
20070904,0.76,1.0232,1.73,0,11.9,8.5,15.5,4.1
20070905,0.72,1.0291,1.95,0,10.6,6.3,16.1,3.2
20070906,0.81,1.0284,0.95,0.01,10.4,5.2,14,3
20070907,0.84,1.0268,0.8,0,13.4,11,16.6,4.8
20070908,0.77,1.0242,2.06,0,14.8,10.2,20.4,3.8
20070909,0.76,1.0209,1.38,0,15.3,11,19.5,2.6
20070910,0.73,1.0189,1.96,0.02,14.8,9.3,20.1,2.6
20070911,0.69,1.0221,1.71,0,13.8,9,18.2,2.8
20070912,0.78,1.0249,2.18,0,12.9,6.3,20.1,5.1
20070913,0.78,1.0232,2.11,0,14.5,8.8,22.1,3.8
20070914,0.75,1.0203,2,0,17.4,12,24.6,1.8
20070915,0.74,1.0234,1.9,0,16.8,12.1,22.1,1.2
20070916,0.78,1.0188,2.06,0,17.1,10.4,24.5,2
20070917,0.81,1.013,1.43,1.78,17.7,13.2,24.7,2.6
20070918,0.82,1.0184,0.95,0.12,12.7,10.4,15.8,2.8
20070919,0.76,1.0255,1.82,0,11.2,7.5,16.6,0.8
20070920,0.74,1.0257,2.02,0,11.7,6,18.6,1.8
20070921,0.73,1.0237,1.84,0,14.4,7.8,22,1.7
20070922,0.74,1.0231,1.84,0,16.1,10.8,23.3,1.7
20070923,0.74,1.0224,1.86,0,16.9,11.7,23.9,2.1
20070924,0.76,1.0176,1.61,0.14,17.7,13.3,24.5,3.6
20070925,0.7,1.0179,1.26,0,13.5,11.3,17.3,3.4
20070926,0.79,1.013,1.19,0.5,11,8.1,14.5,4.1
20070927,0.92,1.0062,0.34,0.46,9.2,8.1,10.4,4.5
20070928,0.84,1.0087,0.38,0.21,10.4,7.8,12.5,3.4
20070929,0.73,1.0171,1.53,0.18,13.3,9.5,17.7,1.3
20070930,0.85,1.0229,0.88,0,14.3,11.7,18.6,3.2
20071001,0.76,1.0226,1.64,0,17.3,12.3,23.7,2.3
20071002,0.82,1.0199,1.15,0,17.5,13.9,22.7,1.5
20071003,0.82,1.0188,1.43,0.03,18.5,13.8,24.9,1.8
20071004,0.84,1.0204,0.83,0.02,18.5,16.6,21.7,4
20071005,0.88,1.0205,0.4,0,16.3,14.1,17.5,5
20071006,0.79,1.0193,1.38,0,14.1,9.6,18.1,2.8
20071007,0.83,1.021,1.58,0,11.5,6.7,17.5,1
20071008,0.82,1.0233,1.46,0,12.1,7.7,18.1,1.6
20071009,0.83,1.0249,1.3,0,11.7,8.1,16.5,2.5
20071010,0.79,1.0222,1.07,0,12.3,8.4,17.4,2.7
20071011,0.86,1.0252,1.09,0,10,7.1,15,3
20071012,0.8,1.0244,1.16,0,10.5,5.6,15.7,2.4
20071013,0.77,1.0241,1.36,0,11.2,6,17.3,4.1
20071014,0.82,1.0234,1.35,0,9.9,5.6,15.2,2
20071015,0.81,1.0215,1.41,0,12.1,7.7,18.7,2.7
20071016,0.81,1.0223,1.31,0,12.4,7.7,19.7,3.2
20071017,0.78,1.021,1.13,0.15,14,9,20.7,2.9
20071018,0.73,1.0289,1.17,0,9.6,3.8,12.8,3.3
20071019,0.76,1.0324,0.71,0,5.5,1.9,10.1,4.3
20071020,0.67,1.0331,1.38,0,4.5,0.1,8.4,4.3
20071021,0.78,1.0293,0.62,0.15,3.2,-0.7,6.6,3.1
20071022,0.7,1.0238,0.89,0,4.5,1,8,3.2
20071023,0.68,1.0203,0.35,0,5.7,4.2,7.3,4.6
20071024,0.71,1.0187,0.31,0,6.6,4.4,8.1,5.9
20071025,0.73,1.0197,0.33,0,7.7,6.6,9,3.6
20071026,0.79,1.0196,0.34,0,7.9,6,9.7,1.9
20071027,0.78,1.0287,0.39,0,8.4,4.3,10.9,0.9
20071028,0.85,1.0252,0.83,0,6.4,2.9,11.1,2.3
20071029,0.79,1.0172,1.02,0,7.9,2.6,14.1,3.5
20071030,0.82,1.0193,0.23,0.16,8,3,10.4,2.5
20071031,0.92,1.0286,0.49,0,4.6,2.1,8.4,2.8
20071101,0.9,1.0322,0.68,0,4.5,2.6,7.2,3.2
20071102,0.87,1.0326,0.89,0,4.8,2,9.8,3.7
20071103,0.82,1.0286,0.98,0,7.3,1.6,12.2,3.4
20071104,0.82,1.0256,0.31,0.03,9,4.9,11.7,3.7
20071105,0.79,1.0275,1.01,0,5.2,0.9,10.9,2.2
20071106,0.72,1.0297,0.53,0.02,7.3,3.3,9.8,2.5
20071107,0.75,1.0294,0.33,0.17,6.6,4.1,8.3,2.4
20071108,0.81,1.0221,0.3,0.51,8.7,6.9,10.1,3.7
20071109,0.67,1.0215,0.63,0,5.2,3,8.9,3.3
20071110,0.7,1.0233,0.14,0,5.7,3.2,8.8,4.2
20071111,0.78,1.0168,0.26,0.41,8.7,7.1,10.3,4.8
20071112,0.76,1.0223,0.63,0.01,4.7,1.9,7.6,1.6
20071113,0.72,1.0177,0.56,0.05,4,1.5,6.6,3.8
20071114,0.84,1.0102,0.16,0.3,2.8,0.1,4.8,4.1
20071115,0.82,1.0214,0.3,0,0,-2.8,2.1,3.2
20071116,0.72,1.0279,0.29,0,-1.2,-4.4,1,2.6
20071117,0.79,1.0266,0.88,0,-1.4,-5.5,2.3,2.2
20071118,0.78,1.0151,0.81,0,-0.6,-3.8,3.7,3.8
20071119,0.7,1.0128,0.3,0,0.9,-2.1,3.1,4.4
20071120,0.65,1.0133,0.36,0,4.3,0.6,7.4,3.1
20071121,0.81,1.0116,0.19,0.65,6.3,4.7,8,2.8
20071122,0.88,1.0102,0.22,0.92,7.2,6.1,9.1,2
20071123,0.94,1.0136,0.12,0.85,8,6.5,9.7,3.8
20071124,0.92,1.0235,0.07,0,4.6,3.8,7,3.1
20071125,0.77,1.0257,0.2,0,4.4,2.1,6.1,2.4
20071126,0.74,1.0291,0.48,0,4.8,2.9,6.7,1.2
20071127,0.78,1.0297,0.73,0,2.5,-1.3,7,1.6
20071128,0.83,1.0229,0.7,0,0.1,-3,5.5,1.9
20071129,0.85,1.0173,0.48,0,0,-3.4,2.2,3.1
20071130,0.87,1.0165,0.16,0.02,4.7,1.5,8.1,3.3
20071201,0.86,1.0153,0.12,0.06,6.4,2.1,9.5,5.7
20071202,0.63,1.0119,0.34,0.69,9.7,5.7,12,8.8
20071203,0.75,1.0056,0.33,0.52,7.1,4.7,10.3,6.1
20071204,0.78,1.0207,0.26,0,6.3,4.7,7.6,3.4
20071205,0.78,1.0238,0.64,0.12,7.4,5.3,11.2,5.3
20071206,0.73,1.0221,0.41,0.11,9.8,7.1,11.9,6.2
20071207,0.72,1.0094,0.31,0.17,10.2,5.3,14.5,7
20071208,0.72,1.012,0.51,0.19,5.8,4.1,7.3,5.8
20071209,0.66,0.9986,0.35,0.1,8.4,5.5,10.9,8.7
20071210,0.8,1.0048,0.28,0.31,6.2,5.2,7.8,5.9
20071211,0.88,1.0228,0.12,0.64,4.4,2.6,5.9,2.7
20071212,0.9,1.0334,0.1,0.01,3.8,3.2,5.1,1.8
20071213,0.75,1.0363,0.27,0,4.6,2.7,6.6,3.8
20071214,0.76,1.0353,0.47,0,0.4,-1.1,3.3,5.1
20071215,0.57,1.0321,0.33,0,-0.5,-1.6,0.8,5.4
20071216,0.73,1.0326,0.18,0,-1.6,-4.7,1,4.2
20071217,0.64,1.0308,0.09,0,-0.7,-3.7,0.3,5.8
20071218,0.72,1.0341,0.16,0,-2.4,-5.5,-1.4,3.8
20071219,0.74,1.0388,0.58,0,-2.2,-4.7,0.3,3.6
20071220,0.8,1.0362,0.58,0,-2.6,-4.4,0.3,3.9
20071221,0.8,1.0316,0.61,0,-2.8,-4.6,0.4,3.1
20071222,0.84,1.0299,0.53,0,-2.6,-4.5,1.3,2.1
20071223,0.87,1.0315,0.57,0,-3.2,-5.6,0.3,1.1
20071224,0.87,1.0313,0.61,0,-4.3,-7.4,-0.1,1.7
20071225,0.84,1.0268,0.57,0,-3.9,-8.5,0.2,2
20071226,0.87,1.0308,0.14,0.12,-1.3,-3.8,1.3,2
20071227,0.89,1.037,0.41,0,0.4,-0.6,2.3,1.6
20071228,0.81,1.0336,0.53,0,-0.9,-2.8,1.4,3.2
20071229,0.8,1.0266,0.58,0.47,0,-3.8,3.5,4.3
20071230,0.85,1.0275,0.36,0,3.8,1.3,6.2,1.5
20071231,0.86,1.0311,0.49,0,0.9,-2.4,4.9,1.3
20080101,0.86,1.0257,0.22,0,-0.5,-2.2,0.9,3.9
20080102,0.67,1.0181,0.25,0,-1.4,-2.1,-0.8,5.2
20080103,0.68,1.0076,0.28,0,-0.5,-3.1,3.2,3.6
20080104,0.8,1.0131,0.14,0,-0.3,-3.6,2.3,5.2
20080105,0.74,1.0126,0.1,1.14,6.3,1.7,11.6,4.2
20080106,0.88,1.0157,0.19,0.54,6.4,4.6,8.3,3.5
20080107,0.79,1.0211,0.28,0.37,7,2.3,11.5,4.7
20080108,0.76,1.0251,0.6,0,3.7,0.9,6.9,3.4
20080109,0.87,1.0213,0.16,0.12,3.7,1,6.3,4
20080110,0.82,1.0203,0.67,0,6.1,3.7,9.3,5.8
20080111,0.65,1.0093,0.65,0.1,7.3,3.8,11,7.3
20080112,0.8,1.014,0.15,0.09,4.7,2.8,7.7,4.1
20080113,0.79,1.0184,0.64,0,3,0.9,5.9,4.8
20080114,0.86,1.0153,0.22,0.57,2.7,0.1,4.3,5.3
20080115,0.81,1.0098,0.62,0.18,5,1.8,8.2,8.6
20080116,0.74,1.0036,0.49,0.13,7,4.8,10.1,4.3
20080117,0.8,1.0146,0.45,0.29,5.4,3,9.7,5.4
20080118,0.78,1.0229,0.33,0.03,9.4,4.9,12,5.2
20080119,0.61,1.0305,0.34,0,11.9,10,13.5,3.7
20080120,0.65,1.0302,0.76,0,9.2,3.6,12.6,1.8
20080121,0.76,1.0238,0.54,0.51,7.2,3.4,10.9,4.8
20080122,0.78,1.0232,0.25,0.26,5.9,0.1,10.9,3.1
20080123,0.75,1.034,0.83,0,1.7,-3.1,6.7,2.1
20080124,0.65,1.0327,0.74,0.04,3.6,-1,7.8,1.8
20080125,0.82,1.0408,0.56,0,4.4,0.1,7.3,1.1
20080126,0.81,1.0403,0.79,0,1.9,-1.2,6.8,2.4
20080127,0.6,1.0371,0.64,0,3.5,-1.2,11.2,1.2
20080128,0.6,1.0346,0.88,0,2.7,-0.4,8.5,1.6
20080129,0.77,1.0291,0.88,0,2.2,-1.6,7.5,2.2
20080130,0.8,1.0273,0.33,0.04,2.7,0.6,5.4,2.1
20080131,0.83,1.0251,0.27,0.02,1.4,0.7,3,6.2
20080201,0.63,1.0081,0.37,0.62,7.6,1.2,12.8,6
20080202,0.76,1.0194,0.76,0,2.2,-1.7,5.5,2.1
20080203,0.73,1.0177,1.04,0,0.7,-3,5.5,5.5
20080204,0.76,1.0117,0.26,0.01,3.1,-0.6,6.2,5.2
20080205,0.76,1.0222,0.56,0.11,5.1,0.5,12,8.1
20080206,0.65,1.027,0.52,0.01,10,5.1,12.6,3.3
20080207,0.8,1.0382,1.06,0,4.6,0.1,9.4,2.6
20080208,0.76,1.037,1.09,0,2.5,-2.1,9.1,4.1
20080209,0.69,1.0347,1.12,0,2.7,-2.3,9.3,2.6
20080210,0.7,1.034,1.1,0,2.8,-2.7,8.5,3.5
20080211,0.74,1.0333,1.13,0,2.5,-2.1,8.5,3.9
20080212,0.69,1.0331,1.01,0,2.6,-0.8,8.5,3.3
20080213,0.74,1.0351,1.11,0,1.7,-2.1,7.4,3
20080214,0.84,1.0351,1.13,0,0.3,-3.5,6.8,3.6
20080215,0.8,1.0352,0.16,0,0.1,-1.6,1.7,5.3
20080216,0.52,1.0397,1.34,0,0.7,-4.8,5.8,5.3
20080217,0.53,1.0408,1.31,0,0.7,-3,6.3,3.2
20080218,0.61,1.0344,1.32,0,1.1,-5,8.8,3.6
20080219,0.58,1.0266,1.31,0,2.6,-3.4,10.9,2.6
20080220,0.76,1.0246,0.71,0.41,3.8,-1.3,9.5,2.2
20080221,0.92,1.0283,0.22,0.16,6.9,5.5,8.9,1.9
20080222,0.77,1.031,0.7,0,8.7,4.1,12.9,2.3
20080223,0.68,1.0295,1.31,0,11.1,6.2,16.5,1.4
20080224,0.67,1.0242,1.4,0,9.7,3.2,17.7,3.3
20080225,0.7,1.0244,1.19,0,8.3,2.9,14.9,2
20080226,0.73,1.0185,0.81,0.23,9.4,3.5,16.5,4.3
20080227,0.72,1.0212,1.01,0,8.3,3.8,11.1,2.4
20080228,0.69,1.0235,1.09,0.01,8,2.4,12.7,3.2
20080229,0.72,1.0202,0.7,0.32,11.8,8.6,15.3,5.7
20080301,0.64,1.0128,0.62,0.26,11.9,9.9,13.7,6.3
20080302,0.64,1.0176,0.5,0,11.4,9.3,13.5,4.6
20080303,0.73,1.0149,0.87,0.3,8.8,3.6,13.3,4.6
20080304,0.78,1.016,1.04,0.28,3.1,0.7,6.3,5.8
20080305,0.66,1.0276,1.5,0.08,1.3,-2.1,4.7,4.2
20080306,0.6,1.0267,1.73,0,0.3,-4.8,5.6,1.9
20080307,0.63,1.0173,0.92,0.02,1.4,-3.5,5.5,3.1
20080308,0.78,1.0144,1,0,4.6,1.5,10.1,3.2
20080309,0.69,1.0084,1.34,0,6.6,-0.2,12.3,5.4
20080310,0.64,0.9983,0.81,0.13,8.6,5.2,11.1,10.1
20080311,0.63,1.0021,1.16,0.32,9.2,6.4,12.8,7.6
20080312,0.69,1.0084,0.88,0.78,10.7,6.6,13.8,6.6
20080313,0.58,1.0201,0.62,0.02,7.8,5.4,10.3,4.1
20080314,0.65,1.016,1.15,0,11.5,7.4,16.3,3.3
20080315,0.64,1.0101,1.6,0,11.7,4.2,18.1,4.7
20080316,0.6,1.0069,1.09,0.03,10.6,7.8,12.9,7.6
20080317,0.78,1.0107,0.4,0.36,6.8,3.9,8.9,3.6
20080318,0.6,1.0144,1.3,0,3.9,-0.5,8.2,5.2
20080319,0.67,1.0166,1.45,0,2.1,-2.4,7.1,4.3
20080320,0.64,1.0176,1.4,0.1,3.3,0,6.9,4.2
20080321,0.77,0.993,0.51,0.85,4.1,2.1,7.9,8
20080322,0.69,0.9921,1.19,0.07,3.2,1.3,7.1,5.6
20080323,0.83,0.9993,0.55,0.23,0.6,-2.3,2.8,3.9
20080324,0.74,0.9998,1.03,0.16,-0.4,-4.5,2.7,3.5
20080325,0.76,1.0079,1.52,0.03,1.2,-0.8,4.3,3.5
20080326,0.8,1.0053,0.87,0.18,4.8,2.1,8.5,4.4
20080327,0.73,1.0039,1.34,0,5.2,0.8,10.1,3
20080328,0.59,1.0127,2.14,0.14,7,-0.2,13,5.6
20080329,0.55,1.0204,2.24,0,9.7,6.5,14.7,4.3
20080330,0.46,1.0118,1.86,0.03,12.5,5.9,20.3,4.6
20080331,0.69,1.019,1.2,0.04,9.2,6.5,12.7,3.8
20080401,0.64,1.0246,1.74,0,10.9,6.4,15.8,2.5
20080402,0.62,1.0245,1.09,0,10.3,8.2,12.8,4
20080403,0.7,1.0251,0.88,0.08,7.8,6,10.9,3.8
20080404,0.67,1.0267,1.36,0,7.2,2.7,11.3,2.2
20080405,0.65,1.0132,1.42,0.48,8.7,3.9,14.9,2.7
20080406,0.74,1.0032,1.32,0.15,5.2,3,8.7,3.5
20080407,0.62,1.0075,1.69,0,2.7,-0.8,7,2.2
20080408,0.72,1.0052,0.57,0,3,-1.7,6,3.6
20080409,0.84,0.9978,0.62,2.07,8.1,5.2,11.6,3.5
20080410,0.94,0.9976,0.43,1.92,8.6,7.7,9.6,2.7
20080411,0.86,1.0013,0.73,0.67,9,5.6,14.4,4.1
20080412,0.71,1.0132,1.67,0,8.2,4.1,12.8,4.2
20080413,0.64,1.0146,1.55,0.05,9.4,4.2,15.2,3.5
20080414,0.74,1.0166,1.01,0.08,7.6,5.5,10.7,3.6
20080415,0.81,1.0213,0.88,0.39,5.9,4.4,8.2,2.1
20080416,0.77,1.0188,1.93,0.16,5.5,2.6,10,4.2
20080417,0.75,1.0061,1.82,0.02,6.2,2.4,11.1,5.9
20080418,0.71,0.9961,2.26,0.02,10.7,4.5,16.7,3.8
20080419,0.6,1,1.77,0.02,12,8.2,17,3.9
20080420,0.72,1.0027,1.62,0,10.7,4.7,16.5,2.9
20080421,0.89,1.0009,0.44,2.76,9.8,8.4,11.4,4.1
20080422,0.91,1.0082,0.25,1.78,9.9,9.2,10.4,2.6
20080423,0.89,1.0189,0.69,0.1,11.7,9.8,13.8,2.3
20080424,0.7,1.0247,2.12,0,13.7,9.2,19.1,3.9
20080425,0.6,1.0289,1.54,0,13.2,8.1,17.1,1.7
20080426,0.56,1.027,2.88,0,13,4.9,19.6,2.7
20080427,0.56,1.0196,2.64,0,14.8,7,21.4,3.2
20080428,0.78,1.0113,1.01,0.25,13,9.7,18,4.3
20080429,0.61,1.0068,2.28,0.01,11.7,8.6,16.4,6.9
20080430,0.74,1.0056,0.98,0.19,9.7,7.3,13.6,6.6
20080501,0.71,1.0157,2.08,0.01,10.8,6.7,16.5,4.3
20080502,0.6,1.0224,2.68,0,13.7,6.2,20.8,1.6
20080503,0.59,1.0236,2.51,0,14.3,6.5,22.1,2.9
20080504,0.58,1.0206,2.76,0,16,7.1,23,2.5
20080505,0.45,1.0215,3.2,0,15.7,8.7,21.7,2.7
20080506,0.47,1.0206,3.14,0,16.6,7.9,23.5,2.4
20080507,0.51,1.0187,3.1,0,17.1,8.5,23.6,3.2
20080508,0.49,1.016,3.16,0,17.3,9.5,23.9,2.3
20080509,0.52,1.0134,2.82,0,17.5,8.7,24.6,1.8
20080510,0.44,1.013,3.14,0,19.4,10.2,26.6,3.1
20080511,0.59,1.0148,3.03,0.4,16.7,10.6,24.4,3
20080512,0.66,1.0147,3.21,0,16.3,9.3,23.4,1.8
20080513,0.55,1.0125,3.15,0,17.4,9.2,24.8,1.3
20080514,0.55,1.0123,2.75,0.01,17.8,10.5,25.6,2.8
20080515,0.76,1.0114,1.79,1.04,15.9,13.6,20.2,2.1
20080516,0.78,1.0089,2.47,0.81,16.8,12.9,22.1,1.9
20080517,0.89,1.0082,0.73,0.43,14.5,12.6,16.6,3.3
20080518,0.84,1.0083,1.75,1.1,13.7,11.6,18.7,2.5
20080519,0.84,1.0094,0.87,0.05,13.2,11.3,15.9,4.3
20080520,0.66,1.0104,0.89,0,13.6,10.4,16.2,2.9
20080521,0.7,1.0138,0.9,0,11.7,8.6,14.4,2.4
20080522,0.76,1.0145,1.14,0,13,10,16.6,1.4
20080523,0.66,1.0118,3.13,0.01,15.8,10,21.8,3.6
20080524,0.84,1.0098,1.03,0.78,15.4,12.9,19.3,2.2
20080525,0.76,1.0115,2.06,0.13,18.2,13.4,23.9,2.9
20080526,0.79,1.0099,1.44,0.16,19,15.6,24.2,2.7
20080527,0.81,1.009,2.01,0,19.8,16,23,2.7
20080528,0.65,1.0112,2.57,0,20.4,17.4,24.3,4.2
20080529,0.78,1.0088,1.74,0.4,20,16.4,24.2,1.5
20080530,0.77,1.0101,2.18,1.69,19.3,15.6,24.8,1.6
20080531,0.84,1.0149,1.82,0.44,17.4,14.7,22.7,2.5
20080601,0.76,1.014,1.82,0,19.1,14.4,24.5,3.6
20080602,0.76,1.0123,1.89,0,18,14.9,22.7,3.2
20080603,0.73,1.0145,2.34,0.38,17.7,13.2,22.4,3.5
20080604,0.86,1.0164,0.6,0.06,14.4,13.9,15.2,2.2
20080605,0.88,1.0124,0.6,0.1,15,13.8,16.2,1.8
20080606,0.86,1.0139,0.49,0.12,13.4,11.7,15.1,3.4
20080607,0.89,1.0171,0.37,0.07,12.3,11.6,12.9,2.9
20080608,0.83,1.0177,1.6,0.01,15.2,12,21.1,3.2
20080609,0.75,1.0194,2.84,0,17.5,9.9,24.7,3.9
20080610,0.75,1.0192,2.87,0.54,19.1,13.3,26.4,3.7
20080611,0.84,1.0176,1.48,0.33,17.3,14.6,22.3,4.3
20080612,0.71,1.0139,2.86,0.31,15.9,11.3,21.3,3.5
20080613,0.71,1.0163,2.06,0.07,12.8,9.9,17.2,2.1
20080614,0.62,1.0163,2.76,0,13.4,8.8,19,1.9
20080615,0.81,1.0128,1.19,0.7,11.8,8.2,15.4,1.1
20080616,0.82,1.0102,1.53,0.46,13.6,10.9,16.4,3.3
20080617,0.88,1.0117,1.19,0.24,15.3,12.6,19.2,3
20080618,0.64,1.0147,2.14,0,18.5,14.5,22.8,3.4
20080619,0.52,1.0158,2.88,0,21.1,15,26.2,4.3
20080620,0.63,1.0201,2.5,0,20.2,14.8,26,3
20080621,0.64,1.0195,3.39,0,22.3,13.6,29,1.5
20080622,0.66,1.0165,2.81,0.05,24.4,17.3,31.4,3.5
20080623,0.7,1.0171,3.11,0,24.4,19.5,30.5,2.8
20080624,0.78,1.0158,1.88,0,22.5,17.5,28.2,1.9
20080625,0.68,1.0161,2.98,0,24,19.5,30.5,3.3
20080626,0.66,1.0196,1.68,0,21.2,17.2,25.6,2.7
20080627,0.6,1.0204,3.32,0,20.9,15.6,25.9,2.8
20080628,0.61,1.0211,3.45,0,20.8,13.4,26.9,2.2
20080629,0.63,1.0178,3.33,0,23.2,16.4,29.3,1.6
20080630,0.63,1.0186,3.03,0,22.8,18.1,28.3,1.7
20080701,0.61,1.0146,2.87,0,23.3,15.6,31.3,3.3
20080702,0.55,1.0102,3.09,0.78,25,18.5,32.5,2.5
20080703,0.89,1.013,1.14,1.51,18.2,14.5,22.9,3.6
20080704,0.63,1.017,3.3,0,18,13.2,22.9,2.5
20080705,0.61,1.0144,3.04,0,20,12.7,26.7,3.5
20080706,0.81,1.0113,1.43,0.67,18.3,15.2,22.3,5.3
20080707,0.63,1.0118,2.61,0,17.7,14,22.4,6.9
20080708,0.68,1.0171,1.61,0.14,16.5,14.3,20,4.8
20080709,0.66,1.0182,3.08,0,18.7,13.3,24.1,3.3
20080710,0.6,1.0143,3.34,0,21.8,13.8,29.1,4.1
20080711,0.73,1.0112,2.38,4.77,21.1,17.4,28.5,4.1
20080712,0.78,1.0127,1.08,1.27,17.5,15.6,20.2,3.3
20080713,0.88,1.0142,0.92,1.03,15.1,13.3,17.4,2.2
20080714,0.77,1.0231,2.2,0,15.8,12.7,20.6,1.2
20080715,0.64,1.0276,3.37,0,18.2,11.2,24.7,2.1
20080716,0.63,1.0206,3.27,0.34,20.7,13.2,26.6,3.3
20080717,0.85,1.016,1.2,0.7,16.9,15.5,20,2.7
20080718,0.71,1.0153,1.69,0,18,15,23,3.7
20080719,0.64,1.014,2.4,0,20.3,13.9,25.7,4.1
20080720,0.64,1.0147,1.84,0,19.8,16,24.7,3.5
20080721,0.56,1.0211,2.2,0,15.9,12.1,18.8,3.2
20080722,0.68,1.0249,1.49,0,15.1,12.4,17.8,1.4
20080723,0.65,1.0227,3.04,0,17,10,23.1,4.1
20080724,0.58,1.0155,3.25,0,19.5,11,26,4.6
20080725,0.59,1.0118,3.15,0,21.4,14,27.5,1.9
20080726,0.67,1.0124,2.18,0.04,21.8,16.2,28.1,1.6
20080727,0.8,1.0149,1.94,0,21.4,17.5,26,1
20080728,0.7,1.0138,2.8,0,23.7,18.2,29.4,2.6
20080729,0.67,1.0162,2.67,0,23.7,19.1,28.4,2.9
20080730,0.72,1.0172,1.95,0.01,23,18.4,28.8,1.5
20080731,0.57,1.0147,2.61,0.01,25,18.3,32,2.9
20080801,0.75,1.0182,1,0.09,20.6,18.3,22.8,4
20080802,0.66,1.0193,2.4,0,21.1,16.9,25.8,5
20080803,0.68,1.0171,2.66,0,22.2,18.1,26.9,5.6
20080804,0.76,1.0146,0.77,0.28,20.2,17,23.2,3.5
20080805,0.68,1.0171,2.4,0,20.9,16.5,26.1,1.6
20080806,0.66,1.0137,2.61,0,22.4,14.8,29.5,3.4
20080807,0.7,1.0097,1.7,0.19,21.8,17.6,29.1,5.4
20080808,0.75,1.0133,1.64,0.25,17.6,15.3,22.2,4.1
20080809,0.69,1.0166,2.27,0,18.6,15.1,23.7,3.3
20080810,0.66,1.0124,2.73,0.02,19.8,13,26.3,4.4
20080811,0.85,1.0076,1.02,2.66,18.7,16.1,23.8,2.6
20080812,0.92,1.0047,0.35,3.31,17.4,14.8,19.4,8.2
20080813,0.67,1.0142,2.87,0,17.5,12.6,22.7,6.5
20080814,0.69,1.0161,2.27,0.84,17.2,11.7,22.3,1.9
20080815,0.85,1.0145,0.64,0,14.1,11.5,15.8,2.2
20080816,0.67,1.0124,2.8,0,16.1,10.1,22,3.1
20080817,0.77,1.0127,1.47,0.19,16.2,11.6,21.1,4.2
20080818,0.68,1.0139,2.69,0,20.4,13.2,27.2,5.3
20080819,0.79,1.0145,1.5,0.96,18.9,15.5,26.1,5.7
20080820,0.75,1.0187,1.4,0,17.2,14.4,20.5,3.9
20080821,0.69,1.0199,2.52,0,17.4,11.8,23.3,2.9
20080822,0.81,1.0157,1.08,0.31,16.2,12.6,20.6,3.1
20080823,0.77,1.0161,1.13,0.11,15.5,11.9,18.8,2
20080824,0.7,1.0161,2.7,0,15.9,9.8,22.3,2.6
20080825,0.71,1.0185,2.23,0,18.5,14.5,23.8,2.5
20080826,0.73,1.0229,2.32,0,18.7,14,24.3,2
20080827,0.7,1.0217,2.56,0,19.3,13.1,26,2.4
20080828,0.81,1.0207,1.88,0,18.1,14.5,23.1,2.1
20080829,0.76,1.0194,2.3,0,17.9,12.5,24.1,3.9
20080830,0.71,1.0165,2.52,0,19.9,12.4,27.3,1.9
20080831,0.72,1.0144,2.06,0.33,21.6,15.3,28.2,4.9
20080901,0.82,1.0182,1.3,0.86,18.8,16.5,22.3,3.8
20080902,0.75,1.0138,2.2,0,18.8,14.5,23.7,4.8
20080903,0.78,1.009,1.88,1.48,18.8,15.9,25.3,3
20080904,0.91,1.0092,0.66,0.88,16.4,15,19.6,2.9
20080905,0.77,1.0056,1.97,0,19.7,14.6,25.2,5.8
20080906,0.86,1.01,0.59,0.47,16.6,14.5,19.4,6.9
20080907,0.73,1.0146,1.96,0.01,16.4,13.9,20.2,3.9
20080908,0.74,1.0182,2.08,0,16.3,12.3,21.8,2.6
20080909,0.68,1.0173,2.19,0,18.7,10.5,26.5,3.3
20080910,0.74,1.0174,1.59,0,19.6,15.4,25.4,1.4
20080911,0.78,1.011,1.46,0.27,20.2,14.5,25.9,3.2
20080912,0.82,1.0134,0.72,1.35,15.8,13.4,19.6,2.1
20080913,0.93,1.0136,0.18,7.11,13,11.8,13.5,2.6
20080914,0.83,1.0189,0.82,0.02,10.7,7.9,13.5,3.4
20080915,0.8,1.0213,1.23,0.02,9.4,6.3,12.7,2.8
20080916,0.76,1.0214,1.38,0,9.6,5.3,15.5,3.8
20080917,0.79,1.0215,1.64,0,8.3,3.4,12.6,4
20080918,0.8,1.0214,1.22,0.04,10.2,6.6,13.7,2.5
20080919,0.79,1.0226,1.79,0,13.2,9.3,18.3,2.5
20080920,0.64,1.0263,1.95,0,11.8,7.5,17.5,4.6
20080921,0.72,1.0224,1.73,0,9.1,4,16.2,4.5
20080922,0.82,1.0189,1.75,0,9.3,4,15.1,5.7
20080923,0.8,1.0175,1.3,0,10.3,7.3,14.7,4.3
20080924,0.8,1.0206,1.7,0,10.4,4.9,15.4,2.5
20080925,0.85,1.0254,0.58,0,11.2,8.6,13.5,4
20080926,0.7,1.0289,1.42,0,11.6,7.4,16.9,5.4
20080927,0.76,1.0284,1.27,0,9.7,4.3,15.1,3.4
20080928,0.77,1.0254,1.82,0,10.1,4.4,16.8,1.8
20080929,0.78,1.0199,1.56,0,11.3,5.8,17.7,2
20080930,0.73,1.0159,0.75,0,12.5,9.6,15.3,5.2
20081001,0.63,1.0116,1.17,0.03,14.3,12,17.1,6.7
20081002,0.69,1.0101,0.83,0.09,12,8.6,14.4,4.2
20081003,0.77,1.0127,1.18,0.12,8.5,6.5,12.4,4.2
20081004,0.78,1.0212,1.01,0.15,7.4,3.6,11.5,4.1
20081005,0.75,1.0172,1.56,0.01,8.9,2.1,15.3,6.4
20081006,0.82,1.0189,0.83,0.09,13.8,10.8,18.3,3.2
20081007,0.85,1.0175,1.06,0.01,14.7,11,19.5,3.9
20081008,0.81,1.0175,0.93,0.46,15.3,11.9,18.8,2.3
20081009,0.92,1.0293,0.25,0.03,13.3,12.7,14,2.6
20081010,0.81,1.0337,1.31,0,14.5,11.2,18.5,1.9
20081011,0.77,1.0315,1.49,0,14.6,8.9,21.4,2.3
20081012,0.82,1.0289,1.24,0,14.5,9.8,20.7,2.3
20081013,0.79,1.0239,1.21,0,15.5,11.2,21.8,2.7
20081014,0.81,1.0224,1.13,0,16.5,13,22.4,1.5
20081015,0.83,1.0205,0.9,0.09,16,12.9,20.4,4.1
20081016,0.87,1.0169,0.35,0.75,13.4,10.1,16.7,2.3
20081017,0.76,1.0218,1.35,0,8.7,3.5,12.8,1.3
20081018,0.78,1.0223,1.34,0,7.4,1.8,13.5,1.2
20081019,0.8,1.025,1.35,0,10.1,5.7,15.5,2.1
20081020,0.78,1.0209,1.23,0.01,13.4,8,20.1,4.1
20081021,0.88,1.0151,0.49,1.06,14.5,11.1,18.7,2.5
20081022,0.93,1.0239,0.09,1.54,7.4,5.5,11,1.4
20081023,0.86,1.0293,0.42,0,7,5.2,8.7,0.9
20081024,0.83,1.0277,1.26,0,7.3,3.4,12.4,0.9
20081025,0.83,1.0328,1.15,0,7.1,2.7,13.8,1
20081026,0.78,1.0266,1.11,0,9.2,2.5,15.4,3.2
20081027,0.87,1.0128,0.27,1.25,9.6,7.4,11.6,2.8
20081028,0.9,1.0112,0.27,1.87,7.9,6.3,10.4,1.3
20081029,0.91,1.0069,0.14,3.39,4.7,1.7,6.4,1.9
20081030,0.86,1.0002,0.77,0.03,3.3,0.6,6.3,3.8
20081031,0.87,1.0067,0.23,0.36,4,2.8,5.6,3.3
20081101,0.86,1.0092,0.8,0,4.9,1.8,8.8,5.5
20081102,0.85,1.0145,0.68,0,7.8,4.7,11.6,4.4
20081103,0.84,1.014,0.83,0,10.4,6.7,14.5,3.8
20081104,0.92,1.0144,0.19,0,9.6,9.2,10.9,3.5
20081105,0.9,1.013,0.37,0,9.1,6.6,11.4,3.3
20081106,0.88,1.0169,0.14,0,9,7.7,9.5,2
20081107,0.81,1.0174,0.76,0.01,9.9,6.6,14.4,3
20081108,0.83,1.023,0.78,0,8.9,6.4,13.6,5.4
20081109,0.83,1.0256,0.48,0,9.8,5.4,16.2,5.1
20081110,0.69,1.0237,0.76,0,12.1,8.4,18.1,7.6
20081111,0.76,1.019,0.2,0.11,10.2,6.8,16.7,4.9
20081112,0.81,1.021,0.61,0,8.2,6.3,10.8,1.8
20081113,0.82,1.0253,0.31,0,6.9,4.4,9,1.3
20081114,0.82,1.0299,0.78,0,4.3,1,8.3,1.5
20081115,0.82,1.0311,0.85,0,3.9,-0.3,9.1,1
20081116,0.88,1.0314,0.21,0.14,6.3,4.6,8,1.4
20081117,0.88,1.0301,0.3,0.01,5.9,4.5,7.8,2.1
20081118,0.88,1.0195,0.17,0.5,5.3,4.4,6,3.8
20081119,0.84,1.0226,0.41,0,7.4,5.4,10,2.6
20081120,0.69,1.0212,0.23,0,8.4,6.9,9.6,4.1
20081121,0.74,1.0113,0.16,0.21,7.3,2.4,10.7,5.3
20081122,0.79,1.0117,0.32,0.06,1.6,0.7,2.5,3.2
20081123,0.74,1.0079,0.47,0.71,0.8,-0.8,2.6,4.6
20081124,0.86,0.997,0.41,0.06,2.8,0.6,5.1,3.3
20081125,0.81,1.0141,0.52,0,1.1,-0.4,3.1,3.6
20081126,0.84,1.0279,0.58,0,0.5,-1.6,4.1,1.6
20081127,0.81,1.0245,0.71,0,-1.1,-3.3,1.9,2.2
20081128,0.84,1.0074,0.26,0,-1.8,-3.6,0,3.3
20081129,0.79,0.9973,0.57,0,1.2,-1.2,4.7,2.9
20081130,0.74,0.9969,0.61,0,3.9,1,10.4,3.5
20081201,0.82,1.0015,0.19,0,2.7,0,4.9,3.4
20081202,0.74,1.0127,0.36,0.03,2.6,-1.6,4.7,4.1
20081203,0.71,1.0059,0.29,0.06,2,-1.9,4.5,3.9
20081204,0.76,1.0002,0.2,0.52,5.7,2.1,9.7,5.5
20081205,0.77,0.9971,0.3,0.79,6.5,4.7,8.9,7
20081206,0.8,1.0121,0.22,0.13,5,3.8,6.7,2.9
20081207,0.83,1.0268,0.26,0,3.5,-0.1,6,4.4
20081208,0.83,1.0278,0.63,0,1.1,-1.1,4.8,2.4
20081209,0.83,1.0189,0.54,1.05,1,-1.3,4.1,2
20081210,0.94,1.014,0.11,1.38,0.5,0.3,0.9,2.2
20081211,0.94,1.0135,0.18,0.76,0.4,-0.1,0.8,1.6
20081212,0.92,1.0193,0.18,0,0,-1.1,0.4,1.8
20081213,0.86,1.0084,0.62,0,-0.5,-2,2,4.6
20081214,0.91,1.0014,0.24,0,-2.9,-6.4,-0.8,2.8
20081215,0.93,1.0117,0.15,0,-0.6,-2.3,0.5,2.8
20081216,0.91,1.0144,0.1,0.01,0.3,-0.3,0.8,2.6
20081217,0.9,1.0162,0.11,0.64,0.3,-0.1,0.7,2.4
20081218,0.91,1.0242,0.22,0.05,0.7,-0.4,1.9,1.8
20081219,0.9,1.0285,0.13,0,2.8,0.6,5.2,2.5
20081220,0.82,1.0326,0.1,0,5,2.6,7.5,3.3
20081221,0.84,1.0359,0.18,0,8.1,7.2,9.1,1.2
20081222,0.77,1.0369,0.26,0,7,6.1,8.4,3.2
20081223,0.91,1.0363,0.4,0,3.5,0.2,6.3,4.1
20081224,0.94,1.0334,0.39,0,1.5,-0.5,3.3,4.4
20081225,0.79,1.0278,0.23,0,3.3,1.7,5.2,5.9
20081226,0.55,1.0296,0.62,0,0.5,-1.2,2.8,7.7
20081227,0.68,1.0312,0.22,0,-1.5,-4,-0.3,6
20081228,0.64,1.0277,0.14,0,-1.3,-4,-0.5,5.3
20081229,0.78,1.0308,0.59,0,-2.9,-6.7,1,3.9
20081230,0.81,1.0321,0.56,0,-2.4,-4.2,0.3,2.2
20081231,0.89,1.0279,0.08,2.25,-0.3,-2.5,1.7,4
20090101,0.84,1.0284,0.63,0,1.5,0.2,3.6,4.9
20090102,0.89,1.0262,0.07,0,-1,-1.8,1,4.9
20090103,0.72,1.0263,0.5,0,-3.1,-6.2,-1.8,6
20090104,0.75,1.0239,0.62,0,-3.7,-6.5,-1.3,1.9
20090105,0.84,1.0197,0.28,0.05,-4.1,-6.4,-2.5,2
20090106,0.86,1.0196,0.13,0.05,-4.2,-5.3,-3.2,4
20090107,0.84,1.0223,0.17,0,-5.7,-9.8,-3.9,2.8
20090108,0.82,1.0278,0.66,0,-6.4,-10.6,-2.3,5.2
20090109,0.87,1.0303,0.64,0,-6.1,-9.6,-2.2,2.1
20090110,0.84,1.0311,0.67,0,-5.1,-9.4,-1.2,2.5
20090111,0.81,1.035,0.75,0,-5,-7.1,-1.1,2
20090112,0.78,1.0301,0.76,0,-4.7,-7.3,-1.5,3.6
20090113,0.76,1.0209,0.75,0,-3.1,-6.1,0.8,2
20090114,0.87,1.019,0.3,0.17,-2.3,-6.1,1.1,2
20090115,0.93,1.0215,0.36,0,0.6,-1.6,2.6,3.5
20090116,0.81,1.0254,0.7,0,-0.1,-3.3,3.8,2.7
20090117,0.79,1.0243,0.67,0,0,-2.9,3.3,5.3
20090118,0.79,1.0125,0.16,0.56,3.1,-1.8,9,7.1
20090119,0.72,1.0016,0.31,0.31,7.3,2.6,12.9,7.9
20090120,0.75,1.0014,0.39,0,4.3,2.4,5.7,3.6
20090121,0.86,1.0097,0.41,0,2.2,-0.6,5.1,2.5
20090122,0.78,1.0064,0.82,0,1.5,-1.9,4.2,7.3
20090123,0.71,0.9875,0.17,0.67,6.1,2.6,11.2,8
20090124,0.76,0.9914,0.37,0,2.6,0.5,5,6.2
20090125,0.75,1.0006,0.89,0,2,-0.6,5.9,4.4
20090126,0.79,1.0027,0.56,0,0.9,-1.3,4.4,1.9
20090127,0.86,1.0139,0.29,0,-0.2,-2.1,1.4,1.9
20090128,0.84,1.0186,0.58,0,-0.8,-2.2,1.3,2.8
20090129,0.73,1.0198,0.18,0,0.8,-1.1,2.2,3.3
20090130,0.77,1.0211,0.45,0,0.2,-2,2,4.8
20090131,0.68,1.017,0.33,0,-1.1,-2.1,0.2,4.3
20090201,0.7,1.0065,0.33,0.29,-1,-1.9,-0.2,5.9
20090202,0.89,1.0007,0.48,0,-1.5,-2.9,0.9,2
20090203,0.81,1.001,0.97,0,0.8,-4,6.1,1.7
20090204,0.81,0.9996,0.59,0,3.4,-1.3,7.3,3.6
20090205,0.79,0.9993,0.32,0.22,3.7,-0.8,7,4.4
20090206,0.88,0.9942,0.5,0.23,5.1,3.5,7.9,3.8
20090207,0.88,0.9919,0.32,1.26,3.5,0.6,5,4
20090208,0.84,1.0066,0.28,0.01,1,-0.1,2,3.1
20090209,0.8,1.0102,0.49,0.12,1.3,-2.9,8.7,7.1
20090210,0.68,1.0031,0.56,0.37,7,2.2,12,7.4
20090211,0.71,1.0172,0.9,0.04,2.2,0.9,4.3,1.2
20090212,0.75,1.0201,0.76,0.05,0.3,-1.2,2,2.6
20090213,0.7,1.0226,0.75,0.03,-0.4,-2.5,2.2,3.3
20090214,0.79,1.0253,0.7,0.12,-0.8,-3.1,1.7,3.1
20090215,0.76,1.0307,1.22,0,-1.9,-5.3,1.6,1.9
20090216,0.79,1.0273,0.48,0.64,-0.4,-2.2,1.4,1.7
20090217,0.89,1.0223,0.16,0.82,2.4,0.2,3.7,3.3
20090218,0.58,1.0264,1.41,0,-1.8,-4.4,1.3,2.7
20090219,0.65,1.0297,1.33,0,-3.3,-8,1.4,1.9
20090220,0.7,1.0324,0.52,0.04,-0.1,-3.9,3.6,2
20090221,0.83,1.0322,0.55,0.06,3.1,1.1,6,1.2
20090222,0.87,1.0284,0.36,0.47,3,1.1,4.7,2.4
20090223,0.83,1.0222,0.52,0.12,4.5,3.2,6.3,2.7
20090224,0.78,1.0251,0.66,0,4,1.6,6.4,2.9
20090225,0.71,1.0305,1.26,0,3.1,-0.2,7.6,2
20090226,0.7,1.0269,0.84,0,4.1,-0.1,8,1.5
20090227,0.69,1.0235,1.05,0,6.6,3.1,11,1.6
20090228,0.67,1.017,1.55,0,7,1,13.8,3.5
20090301,0.71,1.0136,0.71,0.1,6.7,1.6,11.8,3.8
20090302,0.87,1.0168,0.2,0.5,6.8,5.5,8.2,2.5
20090303,0.85,1.0159,0.54,0.01,5.6,3.1,7.6,5
20090304,0.76,0.9947,0.93,0.57,5.7,2.4,9.4,5.1
20090305,0.89,0.9885,0.35,1.36,3.2,2.1,5.4,2.9
20090306,0.89,1.0013,0.38,0.56,2.3,1.3,3,3.1
20090307,0.7,1.0163,1.44,0,3.6,0.8,7.5,2.6
20090308,0.71,1.0144,0.83,0.27,5.4,-0.2,10.4,5.6
20090309,0.73,1.0179,0.75,0.17,4.3,2.3,7.8,4.8
20090310,0.74,1.0179,0.43,0.29,5.6,2.6,7.1,5
20090311,0.72,1.024,1.02,0,5.3,0.8,8.4,1.5
20090312,0.68,1.0274,0.77,0,4.8,-0.8,9.5,1
20090313,0.64,1.0232,1.38,0,9.5,4.1,13.3,1.6
20090314,0.7,1.0206,1.23,0,9.1,2.1,14.8,2.8
20090315,0.59,1.0284,1.39,0,9.9,7.7,13.9,2.1
20090316,0.65,1.0319,1.52,0,8.4,3.5,13.3,3.6
20090317,0.71,1.0324,1.87,0,7.4,0.9,14.4,4.8
20090318,0.67,1.0305,1.96,0,7.1,1.8,14,4.7
20090319,0.49,1.0245,2.01,0,6.1,-0.7,13.3,4.9
20090320,0.49,1.0286,1.46,0,3,-1.1,6.4,5.2
20090321,0.52,1.029,2.11,0,2.2,-3.5,8.3,3.9
20090322,0.53,1.028,1.93,0,5.1,-1.4,12.4,2.6
20090323,0.61,1.0196,1.23,1.26,7.6,2.6,12.1,3.9
20090324,0.78,1.0126,1.39,0.08,4.3,0.7,7.6,4.6
20090325,0.72,1.0106,0.53,0.38,4.7,2.1,7.3,5.9
20090326,0.72,1.0125,0.85,0.2,7,3.4,10.8,5.9
20090327,0.72,1.0073,1.24,0.11,8.9,6.6,13.4,5.8
20090328,0.81,1.0038,0.31,1.08,7.1,5.3,8.8,3.6
20090329,0.73,1.0099,0.87,0.02,6.3,4.4,8.8,3
20090330,0.72,1.0182,0.6,0,6.1,3,8.5,3.3
20090331,0.62,1.0191,1.74,0,8.6,3.6,12.7,4.9
20090401,0.69,1.015,1.09,0,8.1,4.3,11.5,4.3
20090402,0.71,1.014,1.35,0,11.6,6.2,17,2.6
20090403,0.61,1.0182,1.81,0,14.4,10.5,19.1,2.9
20090404,0.7,1.0213,1.27,0,12.4,7.3,18.2,2.1
20090405,0.71,1.0211,1.98,0,12.9,8.8,18.4,1.8
20090406,0.66,1.0149,2.21,0.03,14,6.9,21.5,2.9
20090407,0.6,1.0128,2.03,0.01,14,9.8,20.4,3.8
20090408,0.7,1.0177,1.44,0,12.2,8.9,15.9,5.3
20090409,0.62,1.0159,2.43,0,14,6.8,21.3,4
20090410,0.49,1.0087,2.53,0,15.7,8.3,23.5,2.3
20090411,0.49,1.0075,2.29,0,15.8,8.9,22.9,1.7
20090412,0.64,1.0092,1.55,0,13.7,9.4,18.9,2.3
20090413,0.69,1.0081,2.12,0,14.7,7.6,21.8,1.9
20090414,0.63,1.008,2.34,0,15.6,8.7,23.5,1.6
20090415,0.51,1.0075,2.41,0,16.2,7.3,24,3.7
20090416,0.75,1.0091,0.81,0.46,11.5,7.8,16.8,1.7
20090417,0.69,1.0111,1.62,0.1,11.1,7.9,15.6,2
20090418,0.69,1.0141,2,0,10.8,6.9,16.2,3
20090419,0.75,1.0181,2.2,0,11.1,4,17.8,1.7
20090420,0.74,1.0187,1.78,0.01,13.5,9.4,20.1,3.5
20090421,0.77,1.0195,2.09,0.64,14.1,9.6,21.1,3.6
20090422,0.62,1.0206,2.42,0,15.3,10.7,21.2,2.2
20090423,0.5,1.0215,2.87,0,12,7.8,16.8,2.7
20090424,0.56,1.0169,2.32,0.15,11,5.3,17,4.6
20090425,0.48,1.0124,2.59,0,15.6,9.5,23.2,4
20090426,0.58,1.0081,1.84,0,14.5,9.5,20.6,2.9
20090427,0.72,1.0071,0.72,0.04,11.6,10.6,12.7,4.8
20090428,0.77,1.0063,0.89,0.4,9.4,7.4,11.2,4.1
20090429,0.69,1.012,1.69,0,9.3,6,14.8,3.7
20090430,0.63,1.0186,2.18,0,10.9,3.8,15.9,2
20090501,0.63,1.022,2.37,0,13.7,7.3,19.3,3
20090502,0.77,1.0269,1.89,0.07,13.8,10.5,21,1.3
20090503,0.69,1.0243,2.46,0.19,14.5,9.2,21.3,2.7
20090504,0.66,1.025,2.03,0.37,11.1,5.8,16.1,2.6
20090505,0.62,1.026,1.94,0,10.3,3.4,15.2,3
20090506,0.63,1.0227,2.07,0,14.2,9.2,19.6,2.3
20090507,0.55,1.0184,3.15,0.03,16.7,7.1,25,2.8
20090508,0.72,1.0174,1.78,0.94,17,13.5,23.6,3.4
20090509,0.8,1.0176,2.21,0.8,16.8,11.8,23.7,2
20090510,0.77,1.0178,1.71,0.31,16.6,12.6,21.3,2.5
20090511,0.79,1.015,1.85,0.13,17.7,14.5,22.4,4.1
20090512,0.82,1.0156,1.5,0.57,16.9,14.7,22.4,1.8
20090513,0.82,1.0141,2.21,0.32,17.8,13.8,24.4,1.8
20090514,0.77,1.0084,1.66,0.17,18,15.2,21.4,2.8
20090515,0.86,1.0103,0.6,0.38,14,10.7,16.3,6
20090516,0.7,1.0162,2.46,0.01,14.1,9.7,19.4,4.7
20090517,0.67,1.0144,2.76,0.1,18.1,11.1,27.3,4.6
20090518,0.69,1.0213,1.72,0.01,15.2,11.6,18.9,3.8
20090519,0.61,1.021,3.27,0,17.3,10.1,24.5,1.3
20090520,0.51,1.0187,3.18,0,20.5,10.9,28.6,2.4
20090521,0.65,1.015,2.11,1.94,19.7,15,27.3,2.3
20090522,0.78,1.0171,2.07,0.12,17.9,13.8,22.9,2.9
20090523,0.69,1.0174,3,0,19.3,10.8,26.7,3.1
20090524,0.62,1.0174,3.04,0,24.5,17.9,31.3,2.2
20090525,0.58,1.0146,3.13,0.48,24.9,17.7,32.3,2.5
20090526,0.8,1.0164,1.1,1.72,18,13.5,23.3,4.6
20090527,0.63,1.0276,2.72,0.01,14.1,10.1,18.6,3.6
20090528,0.68,1.0297,1.8,0,15.2,12.4,19.2,2.2
20090529,0.57,1.0267,2.37,0,16.4,12.5,21.5,6.1
20090530,0.47,1.02,3.48,0,16.9,10.5,22.4,6.1
20090531,0.56,1.0188,2.93,0,16,9.7,21.5,5
20090601,0.66,1.0176,2.06,0,15.5,9.2,20.7,4.1
20090602,0.69,1.0171,2.61,0.02,17.2,11.3,23,4.1
20090603,0.57,1.0155,2.96,0,17.6,11.3,22.7,3.4
20090604,0.51,1.0139,3.45,0,15.9,10.2,21,3.7
20090605,0.58,1.0081,2.85,1.03,14.6,8.2,20.8,4.2
20090606,0.77,1.0005,1.54,0.52,14.6,10.4,19,1.9
20090607,0.73,1.0071,1.86,0.19,15.1,12.6,19.6,4.9
20090608,0.76,1.0097,1.97,0.59,16.1,12.1,21.2,2.1
20090609,0.73,1.0129,1.8,0.19,15.9,12.8,20.1,5.5
20090610,0.64,1.016,2.88,0.59,17.9,12.8,22.6,5.2
20090611,0.59,1.0189,2.8,0,17.5,12.7,21.4,3.3
20090612,0.62,1.0227,2.61,0,16.8,10.9,21.7,2
20090613,0.61,1.0211,3.5,0,19.1,12.1,25.6,2.4
20090614,0.67,1.0193,2.38,0.04,21.1,13.9,27.9,1.3
20090615,0.88,1.0176,0.71,1.49,19.3,16.5,22.3,3.1
20090616,0.66,1.0227,3.06,0.01,18.4,13.1,22.5,2.2
20090617,0.62,1.0214,3.42,0,19.5,11.3,27,3.1
20090618,0.67,1.0183,2.74,0,22.8,15.5,29.6,2.8
20090619,0.82,1.02,0.63,0.23,17.1,11.9,21.7,2.8
20090620,0.71,1.0217,2.32,0.02,14.9,11.3,20.1,3.2
20090621,0.7,1.0218,2.95,0.43,14.8,11.3,19.8,2.7
20090622,0.74,1.0233,3.02,0,13.7,11.1,17.6,3.9
20090623,0.8,1.0223,0.99,0.02,14,12,17.5,4.9
20090624,0.72,1.0151,2.29,0,17.5,12.2,22,5.1
20090625,0.68,1.0104,2.39,0.01,20.1,17.2,24.7,2
20090626,0.78,1.0105,1.82,0.36,19.3,16.5,26,3.4
20090627,0.82,1.0143,1.61,0.71,18.5,16.3,24.1,1.8
20090628,0.76,1.0144,2.87,0,20.6,15.6,26.6,2.6
20090629,0.69,1.0159,2.99,0.14,22.6,16.6,28.3,3
20090630,0.68,1.0179,2.8,0,23.2,17.7,28.7,2.5
20090701,0.67,1.0183,3.17,0,23.5,17.6,30.1,2.8
20090702,0.64,1.0157,3.36,0,23.7,17.7,30.8,3.1
20090703,0.72,1.0143,2.72,0,22.4,18.3,28.7,2.5
20090704,0.69,1.0125,2.94,0,22,17.4,29,2.4
20090705,0.71,1.0106,2.52,0.98,21.6,17.6,29.6,3.7
20090706,0.66,1.0105,2.95,0.06,21.3,17.2,26.5,4.3
20090707,0.69,1.0113,1.65,0.04,17.4,13.2,21.7,4.6
20090708,0.67,1.0151,1.53,0.35,16.3,13,20.3,4.7
20090709,0.75,1.0171,1.9,0.11,16.1,13.5,20.5,2.9
20090710,0.62,1.0178,2.21,0,16.7,12.4,21.7,2.4
20090711,0.59,1.0182,2.22,0.01,17.1,13.2,21.9,2
20090712,0.76,1.0145,1.47,0.11,18.2,13.2,24.8,3.9
20090713,0.73,1.0126,1.93,0.08,22.6,17.9,27.6,1.5
20090714,0.73,1.0133,2.28,3.55,23.4,19.6,29.4,4.4
20090715,0.86,1.0192,1.67,1.07,21.1,18.2,26.2,3.8
20090716,0.74,1.019,2.92,0.68,24,19.2,29.6,3.6
20090717,0.85,1.0145,0.57,0.86,17.2,13.3,21.5,5.2
20090718,0.75,1.0174,1.06,0.03,14.4,12.4,17.5,5.4
20090719,0.67,1.0197,2.47,0,16.6,12.6,21.8,4.9
20090720,0.62,1.0193,3,0,19.8,14,25.2,2.5
20090721,0.57,1.0136,3.1,0,23.6,15.2,32.4,3.9
20090722,0.64,1.0104,1.66,0.16,22.4,19.3,26.7,2.6
20090723,0.75,1.0094,0.94,0.16,20.5,16.4,25,4.1
20090724,0.75,1.0179,1.66,0.32,18.2,14.6,21.7,4.8
20090725,0.68,1.0246,2.66,0,17.6,13.7,22.8,1.9
20090726,0.6,1.0211,3.18,0,19,12.3,25.5,1.8
20090727,0.64,1.0146,2.43,0.16,21.3,13.8,29.5,3.2
20090728,0.68,1.0208,2.72,0,19.4,15,24.5,2.2
20090729,0.62,1.0169,3.01,0,22,13.3,29.4,4
20090730,0.57,1.0217,2.35,0,20.7,16.1,24,2.7
20090731,0.66,1.0205,2.49,0,18.9,13.6,24.5,2.5
20090801,0.6,1.0123,2.92,0.22,22.9,14.1,30.3,3
20090802,0.81,1.0137,0.95,0.58,19.2,16.2,23.4,3.1
20090803,0.81,1.0169,0.65,0.04,17,15.7,19,1.6
20090804,0.7,1.0198,2.44,0,18.9,14.7,24.1,2.5
20090805,0.67,1.0186,2.76,0,20.1,12.9,27.2,2.2
20090806,0.66,1.0166,2.89,0,21.9,14.5,29,3.1
20090807,0.67,1.0158,2.66,0,22.9,16.9,29.5,2.9
20090808,0.89,1.0173,0.41,3.35,19.7,17.4,21.1,2.6
20090809,0.78,1.0154,2.34,0.03,21.3,17.4,25.8,2.7
20090810,0.86,1.0168,1.19,3.74,20.1,18.5,24,3.3
20090811,0.73,1.0204,2.01,0,20.5,17.2,23.7,2.6
20090812,0.68,1.0201,2.63,0,21.1,16.7,26,1.8
20090813,0.68,1.0166,2.59,0,21.9,16.1,26.9,2.3
20090814,0.77,1.0173,2.04,0,20.6,17.8,24.8,1.8
20090815,0.72,1.0171,2.79,0,22.6,16,28.8,1.6
20090816,0.65,1.0163,2.39,0,24.2,18.4,30.8,2.5
20090817,0.66,1.0155,2.31,0.04,24,18.3,32,2.6
20090818,0.7,1.0188,2.54,0,22.9,18.3,29.3,2.2
20090819,0.66,1.0189,2.57,0,24.9,17.1,33,1.6
20090820,0.61,1.0176,2.49,0,26.6,19.7,34.6,3.2
20090821,0.66,1.0206,1.42,0.01,21.9,17.7,27,2.2
20090822,0.62,1.0227,2.05,0,19,15.1,24,1.8
20090823,0.6,1.0179,2.7,0,19.9,12.8,26.1,3.4
20090824,0.6,1.0098,2.46,0,23.7,16,30.9,3
20090825,0.72,1.0127,1.56,0.37,21.7,19.2,26.9,2.4
20090826,0.8,1.0158,1.79,0.11,21.3,18.5,26.8,3.2
20090827,0.69,1.0172,2.49,0,22.5,17.4,28.8,4.3
20090828,0.71,1.0166,1.44,0,20.1,16.2,24.3,3.9
20090829,0.54,1.0217,2.48,0,16.9,10.9,21.5,2
20090830,0.59,1.0218,2.6,0,15.4,8.1,22.8,1.6
20090831,0.59,1.0173,2.51,0,19.3,9.9,27.8,3.8
20090901,0.69,1.0149,2.04,0.61,22,16.4,31,3.7
20090902,0.86,1.0152,0.72,0.71,18.9,17.2,21.3,4.4
20090903,0.77,1.0099,1.13,0.02,18.6,16.6,21.7,5.5
20090904,0.78,1.0132,0.84,1.03,15,11.2,19.3,4.4
20090905,0.67,1.0247,2.32,0,13.5,8.5,18.8,1.8
20090906,0.67,1.0257,2.4,0,14.4,8.8,21.1,2.8
20090907,0.69,1.0229,1.98,0,16.5,9.4,24.2,1.3
20090908,0.65,1.0222,2.31,0,18.4,11.9,27,2.2
20090909,0.65,1.0222,2.3,0,17.7,11.3,25.5,3.6
20090910,0.73,1.0251,2.11,0,17.4,10.2,23.9,5
20090911,0.78,1.0256,0.86,0,16.3,13.8,20.4,7.1
20090912,0.72,1.0213,1.14,0,15.9,12.3,20.2,7.4
20090913,0.65,1.019,2.03,0,15,10.4,21,5.8
20090914,0.77,1.0155,1.08,0.01,12.5,9.1,15.1,4.9
20090915,0.81,1.0147,1.12,0,12.5,9.7,15.5,3.8
20090916,0.9,1.0106,0.4,0.33,14.6,11.8,16.5,4.4
20090917,0.91,1.0142,0.3,0.03,16.5,15.7,18.2,4.3
20090918,0.84,1.0152,0.88,0,17.4,15.4,20.6,3.6
20090919,0.84,1.0163,0.96,1.43,17.6,16.7,20.4,2
20090920,0.84,1.019,1.4,0.05,18.1,15.4,22,1.9
20090921,0.86,1.0226,0.86,0,17.4,14.9,21.2,2.3
20090922,0.83,1.0253,1.29,0,18.2,15.8,22.7,1
20090923,0.84,1.0256,1.09,0,17.4,14.5,22.3,1.6
20090924,0.76,1.0222,1.66,0,17.4,13.4,23.4,3
20090925,0.78,1.0229,1.27,0,16.6,14,20.7,3.3
20090926,0.74,1.0239,1.76,0,15.2,11.3,21,3.7
20090927,0.74,1.0247,1.75,0,15.9,10.9,22.5,2.8
20090928,0.75,1.0239,1.76,0,15.8,10.8,22.3,2.1
20090929,0.69,1.0213,1.83,0,15.7,9.9,22.8,2.3
20090930,0.73,1.0178,1.72,0,15.3,9.6,21.9,3
20091001,0.72,1.0162,1.69,0,15,9.9,21.4,2.6
20091002,0.7,1.0188,1.46,0,12.6,8.5,17.9,1.7
20091003,0.7,1.0179,1.64,0,11.7,6.3,18.8,3.2
20091004,0.71,1.0181,1.25,0,12.2,7.9,17.1,2.5
20091005,0.76,1.017,0.91,0,13,7.6,18.1,3.5
20091006,0.75,1.0169,0.91,0.05,17.8,12.5,23.2,2.6
20091007,0.67,1.0149,1.55,0.42,20.5,15,28.2,3.7
20091008,0.87,1.016,0.47,1.5,17.5,15.9,19.4,2
20091009,0.92,1.0182,0.36,0.04,14.2,13.3,16.1,3.4
20091010,0.85,1.0167,0.74,0.51,15.2,13.6,18.7,2.9
20091011,0.75,1.0181,0.96,0.82,14,11.3,17.2,3.8
20091012,0.77,1.0202,0.72,0.1,10.9,7.4,14.1,3.5
20091013,0.73,1.0277,1.34,0.01,8.8,5.8,12.3,1.9
20091014,0.72,1.0277,0.84,0,5.4,0.8,9.4,3.8
20091015,0.69,1.0278,1.25,0,2.7,-0.5,7.3,4.2
20091016,0.74,1.0262,0.71,0.21,4.9,0.1,8.9,2.4
20091017,0.82,1.023,0.6,0.1,6.1,3.6,9.5,3.1
20091018,0.82,1.0234,0.73,0.21,5.1,1.6,8.4,1.9
20091019,0.75,1.019,1.19,0,5,1.5,9.6,4
20091020,0.7,1.0102,1.17,0,6.7,2.3,11.3,4
20091021,0.68,1.0043,0.67,0,9.6,6.8,14.6,2.7
20091022,0.8,1.0041,0.77,0.01,10.5,7.2,15.1,2.8
20091023,0.88,1.0141,0.34,0.59,10,6.7,12.1,2.7
20091024,0.82,1.0184,1.07,0.04,10.3,5.9,13.7,4
20091025,0.84,1.0184,0.3,0.12,12.6,10.6,15.4,1.9
20091026,0.75,1.0221,0.58,0,11.8,7.6,14.8,1.3
20091027,0.75,1.0234,1.13,0,9.2,4.9,15.7,3.4
20091028,0.82,1.0216,0.95,0,9.4,4.3,14.8,0.7
20091029,0.83,1.0224,0.99,0,9.5,5.9,15.2,2.8
20091030,0.83,1.0256,0.29,0,8.4,3.6,10.3,2.8
20091031,0.82,1.0261,0.77,0,7.9,1.9,14.1,1.8
20091101,0.79,1.017,0.89,0.53,9.7,5.3,13.3,5
20091102,0.85,1.007,0.17,0.35,9.1,5.5,12.7,5.3
20091103,0.81,1.0016,0.58,0.4,8.3,5.1,11.2,5.9
20091104,0.7,0.996,0.7,0.24,9.9,7.2,12.6,6.1
20091105,0.75,1.0028,0.69,0.2,7.6,4.3,12.6,4.3
20091106,0.8,1.0104,0.62,0,6.4,3.1,11.1,4.1
20091107,0.85,1.0046,0.43,0.65,5.5,1.9,9.6,4.6
20091108,0.88,1.0045,0.39,0.28,6.3,5,7.5,3.3
20091109,0.89,1.0099,0.15,0.9,5,3.9,6.2,3.1
20091110,0.87,1.0133,0.15,0.05,5.2,3.8,6.2,1.8
20091111,0.83,1.0125,0.46,0,5.6,2.1,8.7,3.4
20091112,0.9,1.0142,0.36,0.06,5.3,1.3,8.2,3.4
20091113,0.84,1.0158,0.6,0,10.5,8,13.8,4.6
20091114,0.83,1.0148,0.5,0.68,10.2,7.3,13.9,7.1
20091115,0.89,1.017,0.3,0.78,8.8,6.6,10.5,4.6
20091116,0.89,1.0138,0.28,0.15,11.8,10,13.9,4.2
20091117,0.81,1.0154,0.41,0.05,12.6,9.9,16.1,3
20091118,0.83,1.0258,0.66,0,9.6,5.2,13.3,3.7
20091119,0.86,1.0259,0.75,0,8.5,4.8,12.3,2.9
20091120,0.84,1.0259,0.72,0,9.2,6.5,12.9,3.1
20091121,0.81,1.0259,0.48,0,8.7,6.2,12.4,4.2
20091122,0.77,1.0202,0.12,0.11,8.9,5,12.7,6.5
20091123,0.61,1.0185,0.41,0.38,11.4,8,13.4,7.9
20091124,0.72,1.0202,0.29,0.02,12.2,8.9,14.2,6
20091125,0.76,1.0156,0.68,0,9.1,6.2,13.9,5.4
20091126,0.68,1.0171,0.56,0.01,9.1,4.1,12.3,5.6
20091127,0.68,1.0135,0.27,0,7.4,3.3,11.7,5.2
20091128,0.57,1.0119,0.64,0,8.9,5,13.7,8
20091129,0.69,1.0021,0.26,0.76,6.2,2.4,7.8,6
20091130,0.89,1.0007,0.09,1.69,4.2,2.6,6,4.6
20091201,0.87,1.0112,0.22,0.21,4.5,2.7,6.2,3.2
20091202,0.82,1.0142,0.58,0,3.7,0.6,5.8,5.7
20091203,0.8,1.0093,0.37,0.49,4.7,2.3,7.1,4.6
20091204,0.83,1.0132,0.49,0,3.6,0.4,6.8,3.7
20091205,0.83,1.0171,0.28,0.08,2.7,-0.4,5.1,5.7
20091206,0.8,1.0141,0.23,0.22,6.5,3.9,8.5,5.4
20091207,0.9,1.0134,0.19,1.47,9.4,8.4,10.2,4.5
20091208,0.72,1.0185,0.4,0.01,6.9,4.2,9.9,3.4
20091209,0.74,1.0275,0.6,0,4.4,1.7,8.8,3.6
20091210,0.83,1.0281,0.2,0.03,6,2.3,11,2.2
20091211,0.87,1.0253,0.07,0.7,5,3.2,6.4,4.2
20091212,0.91,1.0219,0.08,0.31,1.6,0.4,3.3,5.5
20091213,0.78,1.0185,0.2,0,0,-1.9,1.3,5.2
20091214,0.65,1.017,0.18,0,-0.9,-1.8,0,5.5
20091215,0.66,1.0147,0.11,0,-2.1,-2.7,-1.5,4.2
20091216,0.82,1.0115,0.12,0.03,-2.2,-3.1,-1.4,2
20091217,0.81,1.0102,0.23,0,-3.7,-6.3,-2.4,3.1
20091218,0.69,1.0065,0.33,0,-3.6,-6.8,-1.6,3.7
20091219,0.81,1.0089,0.22,0.01,-9.3,-14.9,-5.1,2.4
20091220,0.83,1.0104,0.45,0.38,-8.3,-16,-0.8,4.1
20091221,0.89,1.0018,0.29,0.19,1.2,-0.6,2.4,4
20091222,0.73,0.9916,0.23,1.2,8.3,2.2,14.3,2.8
20091223,0.93,0.9984,0.36,0.61,2.9,0.6,4.4,2.3
20091224,0.93,0.9924,0.13,0.89,3.9,2.3,5.7,4.7
20091225,0.71,1.0025,0.16,0.06,6.2,1.2,10.6,4.2
20091226,0.81,1.012,0.54,0,0.4,-2,4,1.7
20091227,0.8,1.0118,0.37,0.18,1,-3.9,5.5,4.6
20091228,0.82,1.0084,0.28,0.42,3.2,1,4.8,3.7
20091229,0.92,1.0028,0.22,1.68,4.5,2.4,10,5.3
20091230,0.92,0.9979,0.07,1.54,8.5,7.5,11.5,3.8
20091231,0.93,0.9958,0.17,0.57,6.6,4.3,7.9,4.2
20100101,0.93,0.9965,0.08,0.56,2.9,-0.2,4.8,3.4
